outcome,predictor,logloss_age,logloss_age_plus_pred,logloss_pred_alone,gain_added_to_age
Q1,Sex,0.32977524268670866,0.3214739882527052,0.32099008219804537,0.00830125443400348
Q1,Education (3-level),0.32977524268670866,0.33025463767798013,0.3300191823272872,-0.00047939499127147567
Q1,Personal income (3-level),0.32977524268670866,0.32903318032999024,0.3286961289201133,0.0007420623567184204
Q1,Religiosity,0.32977524268670866,0.32819631971139607,0.3279913740176819,0.001578922975312591
Q1,Subjective social class,0.32977524268670866,0.3299425498449303,0.32965089065159187,-0.00016730715822166342
Q1,Employment status,0.32977524268670866,0.32877379060430184,0.3290147306808017,0.0010014520824068174
Q1,Marital status,0.32977524268670866,0.32315460341605556,0.3227091459102004,0.006620639270653095
Q2,Sex,0.8322261409637918,0.8191557199907245,0.8190853698828189,0.01307042097306732
Q2,Education (3-level),0.8322261409637918,0.8322951868494913,0.8324622013620179,-6.904588569955905e-05
Q2,Personal income (3-level),0.8322261409637918,0.8326401531624184,0.8325488870920141,-0.0004140121986265788
Q2,Religiosity,0.8322261409637918,0.8326808506399896,0.8328344646390263,-0.00045470967619787306
Q2,Subjective social class,0.8322261409637918,0.8338191546931366,0.8341972059048774,-0.0015930137293448388
Q2,Employment status,0.8322261409637918,0.833953219397166,0.834119298636726,-0.001727078433374274
Q2,Marital status,0.8322261409637918,0.8228127563435521,0.8232711618988506,0.009413384620239662
Q3,Sex,0.8570606927441391,0.857683037103959,0.8607786527325227,-0.000622344359819893
Q3,Education (3-level),0.8570606927441391,0.8601595484087051,0.8628930872504383,-0.003098855664566025
Q3,Personal income (3-level),0.8570606927441391,0.8593914174064791,0.8626781356188615,-0.002330724662339967
Q3,Religiosity,0.8570606927441391,0.8543300988308733,0.8569506630678468,0.0027305939132657997
Q3,Subjective social class,0.8570606927441391,0.8562997733615351,0.8594063196878825,0.0007609193826040306
Q3,Employment status,0.8570606927441391,0.8584133382393736,0.8592433285072406,-0.0013526454952345057
Q3,Marital status,0.8570606927441391,0.8578284292446006,0.8605996185542024,-0.0007677365004614689
Q4,Sex,1.2282447374090064,1.2276632439127064,1.2277306335751903,0.0005814934962999896
Q4,Education (3-level),1.2282447374090064,1.2285621163185463,1.229019270707153,-0.00031737890953986714
Q4,Personal income (3-level),1.2282447374090064,1.2295212458249791,1.2293602249507902,-0.0012765084159727103
Q4,Religiosity,1.2282447374090064,1.2200575550081108,1.220101255142327,0.008187182400895665
Q4,Subjective social class,1.2282447374090064,1.2270103652314797,1.2274183577379563,0.0012343721775267547
Q4,Employment status,1.2282447374090064,1.2255605007822694,1.225373552769308,0.002684236626737002
Q4,Marital status,1.2282447374090064,1.228189039452214,1.2290174355329824,5.569795679249978e-05
Q5,Sex,1.1871865201948586,1.1870879223082087,1.2341157134716336,9.859788664989821e-05
Q5,Education (3-level),1.1871865201948586,1.1850311833651506,1.226615652803886,0.002155336829708032
Q5,Personal income (3-level),1.1871865201948586,1.18582175427935,1.2279974292207942,0.0013647659155084924
Q5,Religiosity,1.1871865201948586,1.1753894242119136,1.223674680804971,0.011797095982944983
Q5,Subjective social class,1.1871865201948586,1.1827783586372271,1.2299798455474795,0.0044081615576314626
Q5,Employment status,1.1871865201948586,1.1348466810461586,1.1463043581702856,0.052339839148699996
Q5,Marital status,1.1871865201948586,1.1884022249900021,1.232583812965273,-0.0012157047951435462
Q7,Sex,0.5531174312846792,0.553872490668986,0.5521819839483944,-0.0007550593843068665
Q7,Education (3-level),0.5531174312846792,0.5436426163331796,0.5419003080230959,0.0094748149514996
Q7,Personal income (3-level),0.5531174312846792,0.5540227474196612,0.5523766055260103,-0.0009053161349820149
Q7,Religiosity,0.5531174312846792,0.553322646493028,0.5517147244090788,-0.000205215208348819
Q7,Subjective social class,0.5531174312846792,0.5465499708251661,0.5448048156712086,0.006567460459513064
Q7,Employment status,0.5531174312846792,0.55161319450043,0.5502439831609418,0.0015042367842491577
Q7,Marital status,0.5531174312846792,0.5522490341607961,0.5505129630423263,0.0008683971238830912
Q8,Sex,0.689528633751936,0.6838124310006992,0.6854379996278411,0.005716202751236743
Q8,Education (3-level),0.689528633751936,0.6892725385314121,0.6900943027833799,0.00025609522052383316
Q8,Personal income (3-level),0.689528633751936,0.6900555353014974,0.6909892884766764,-0.000526901549561476
Q8,Religiosity,0.689528633751936,0.6807125832750488,0.6814742978001745,0.00881605047688716
Q8,Subjective social class,0.689528633751936,0.6910971099973828,0.6929478391682897,-0.0015684762454468704
Q8,Employment status,0.689528633751936,0.6903310087882149,0.6918301806725882,-0.0008023750362788906
Q8,Marital status,0.689528633751936,0.69053342901584,0.6922197943895328,-0.001004795263904068
Q9,Sex,0.6824877276281249,0.6781228698323012,0.6864420119243052,0.00436485779582374
Q9,Education (3-level),0.6824877276281249,0.6804708868638923,0.6875987122274353,0.002016840764232586
Q9,Personal income (3-level),0.6824877276281249,0.6799017257432933,0.684332035331853,0.0025860018848316013
Q9,Religiosity,0.6824877276281249,0.6824472569172135,0.6901400074645236,4.0470710911399976e-05
Q9,Subjective social class,0.6824877276281249,0.6842810436223707,0.6920417156186756,-0.0017933159942458143
Q9,Employment status,0.6824877276281249,0.6816348313898001,0.685246628239663,0.0008528962383248517
Q9,Marital status,0.6824877276281249,0.6827675616419735,0.6900731402567744,-0.00027983401384856776
Q10,Sex,0.6914260255912408,0.6903828983344729,0.6894405376996587,0.0010431272567679173
Q10,Education (3-level),0.6914260255912408,0.692427006984937,0.6916769328415323,-0.0010009813936961987
Q10,Personal income (3-level),0.6914260255912408,0.6933206974624878,0.6926946843709041,-0.0018946718712470334
Q10,Religiosity,0.6914260255912408,0.6915230597765522,0.690694881715533,-9.70341853113732e-05
Q10,Subjective social class,0.6914260255912408,0.6932582293231976,0.6922946424555663,-0.0018322037319568052
Q10,Employment status,0.6914260255912408,0.6924138643131572,0.6919735681238419,-0.0009878387219164342
Q10,Marital status,0.6914260255912408,0.6913598948113577,0.690583946735859,6.613077988304461e-05
Q11,Sex,0.6623713339159942,0.6620172306167119,0.6728507938969422,0.00035410329928231565
Q11,Education (3-level),0.6623713339159942,0.6611188212538222,0.6699815775164224,0.0012525126621720784
Q11,Personal income (3-level),0.6623713339159942,0.6637103536232589,0.6745656353428895,-0.001339019707264688
Q11,Religiosity,0.6623713339159942,0.6583544195925828,0.6678576587419098,0.004016914323411447
Q11,Subjective social class,0.6623713339159942,0.663533379328052,0.6747942221483474,-0.0011620454120577772
Q11,Employment status,0.6623713339159942,0.6608044854547788,0.6674678528550724,0.0015668484612154643
Q11,Marital status,0.6623713339159942,0.660389492233296,0.6705706895208859,0.0019818416826982155
Q12,Sex,0.4631960120107036,0.4579367155566372,0.457250577376322,0.00525929645406642
Q12,Education (3-level),0.4631960120107036,0.4627511190340071,0.46193778423978876,0.000444892976696476
Q12,Personal income (3-level),0.4631960120107036,0.4623752760268195,0.46129956806325784,0.0008207359838841022
Q12,Religiosity,0.4631960120107036,0.4622495517295636,0.4613817125556855,0.0009464602811399825
Q12,Subjective social class,0.4631960120107036,0.463614146603224,0.46279951117679374,-0.00041813459252038054
Q12,Employment status,0.4631960120107036,0.4635983326254706,0.46284806902186365,-0.00040232061476702663
Q12,Marital status,0.4631960120107036,0.46279264953358,0.46198965190247465,0.0004033624771235811
Q13,Sex,0.6171468156224239,0.6175901830491908,0.6208342390428578,-0.0004433674267668719
Q13,Education (3-level),0.6171468156224239,0.6134927221769438,0.6143257452301286,0.0036540934454800666
Q13,Personal income (3-level),0.6171468156224239,0.6171122456470843,0.6196996233803086,3.456997533957118e-05
Q13,Religiosity,0.6171468156224239,0.6181711624988148,0.6212843635289595,-0.001024346876390858
Q13,Subjective social class,0.6171468156224239,0.618190251190813,0.6214799804810563,-0.0010434355683890395
Q13,Employment status,0.6171468156224239,0.6166077296312575,0.6165490413538794,0.0005390859911663659
Q13,Marital status,0.6171468156224239,0.616522231986593,0.61869240572591,0.0006245836358309553
Q14,Sex,0.6832366205495639,0.6836107847859052,0.6934347608054715,-0.00037416423634129004
Q14,Education (3-level),0.6832366205495639,0.6799415415077392,0.6859922810595127,0.003295079041824689
Q14,Personal income (3-level),0.6832366205495639,0.6761855484988903,0.6819600552687357,0.007051072050673568
Q14,Religiosity,0.6832366205495639,0.6750672818487503,0.6829791048373866,0.0081693387008136
Q14,Subjective social class,0.6832366205495639,0.6807449941915055,0.6905034498122281,0.002491626358058441
Q14,Employment status,0.6832366205495639,0.6835239055557267,0.6891766569994902,-0.0002872850061628185
Q14,Marital status,0.6832366205495639,0.6832424499951533,0.6917670150140587,-5.829445589355942e-06
Q15,Sex,0.3745926644553679,0.3750487481531737,0.374683532460008,-0.00045608369780580915
Q15,Education (3-level),0.3745926644553679,0.37503220251430597,0.3745461538848954,-0.0004395380589380937
Q15,Personal income (3-level),0.3745926644553679,0.3745943310103363,0.37405192483110444,-1.6665549684158343e-06
Q15,Religiosity,0.3745926644553679,0.2614550082744527,0.2605805348285672,0.11313765618091515
Q15,Subjective social class,0.3745926644553679,0.37445137119918076,0.37404931087770615,0.00014129325618711386
Q15,Employment status,0.3745926644553679,0.3737077154202694,0.3729444057308656,0.0008849490350984479
Q15,Marital status,0.3745926644553679,0.37186586467530514,0.3714319165171288,0.0027267997800627386
Q16,Sex,0.6764974221699026,0.6768391320893353,0.6750355115124215,-0.00034170991943272
Q16,Education (3-level),0.6764974221699026,0.675645400356979,0.6739999019404579,0.0008520218129236534
Q16,Personal income (3-level),0.6764974221699026,0.6764666567895997,0.6746685469549868,3.0765380302888445e-05
Q16,Religiosity,0.6764974221699026,0.6773479310507993,0.675416213140805,-0.000850508880896661
Q16,Subjective social class,0.6764974221699026,0.6735350447080724,0.6716337594223675,0.0029623774618302567
Q16,Employment status,0.6764974221699026,0.6777315306474534,0.6762507117259415,-0.0012341084775507882
Q16,Marital status,0.6764974221699026,0.6751272008477573,0.6734471264372948,0.0013702213221452597
Q17,Sex,0.4855182190950854,0.4851706731184355,0.4898453716914585,0.00034754597664993225
Q17,Education (3-level),0.4855182190950854,0.4736174799615168,0.4750494679231183,0.011900739133568594
Q17,Personal income (3-level),0.4855182190950854,0.4816890282321128,0.4841592927320996,0.00382919086297262
Q17,Religiosity,0.4855182190950854,0.48165420953782434,0.48541509536522864,0.003864009557261072
Q17,Subjective social class,0.4855182190950854,0.48448872241311164,0.48934761695873447,0.0010294966819737739
Q17,Employment status,0.4855182190950854,0.4819367766209387,0.48294213260538543,0.003581442474146712
Q17,Marital status,0.4855182190950854,0.4859789299838149,0.4904382787045133,-0.0004607108887295097
Q18,Sex,0.4981456360436538,0.49705208456990474,0.4986801541424886,0.001093551473749066
Q18,Education (3-level),0.4981456360436538,0.49956895330592277,0.5010270539591234,-0.0014233172622689638
Q18,Personal income (3-level),0.4981456360436538,0.4982653911488977,0.4996461873225691,-0.00011975510524386834
Q18,Religiosity,0.4981456360436538,0.4951624843086183,0.49652928028527377,0.002983151735035494
Q18,Subjective social class,0.4981456360436538,0.4951431851989628,0.4963495694598957,0.003002450844691029
Q18,Employment status,0.4981456360436538,0.4983033254679037,0.4998292518620408,-0.00015768942424987387
Q18,Marital status,0.4981456360436538,0.4959109671899854,0.4972679563211277,0.002234668853668409
Q19,Sex,0.12537106732036854,0.125479753765454,0.12551950580450483,-0.00010868644508546521
Q19,Education (3-level),0.12537106732036854,0.12516796855758236,0.12516660973846871,0.00020309876278618022
Q19,Personal income (3-level),0.12537106732036854,0.12532556406156137,0.12534048779626897,4.550325880717243e-05
Q19,Religiosity,0.12537106732036854,0.12548049721834803,0.12550857561971263,-0.00010942989797949054
Q19,Subjective social class,0.12537106732036854,0.12524989067483167,0.1252799988359574,0.00012117664553687457
Q19,Employment status,0.12537106732036854,0.12568482614746018,0.12573212654482363,-0.0003137588270916425
Q19,Marital status,0.12537106732036854,0.12548750101185702,0.12553243413510876,-0.00011643369148847671
Q20,Sex,0.3012703250719155,0.30080965731456627,0.3054014168610503,0.00046066775734920906
Q20,Education (3-level),0.3012703250719155,0.2999644350148779,0.30362208502691934,0.001305890057037573
Q20,Personal income (3-level),0.3012703250719155,0.3008483531340436,0.3048698026039103,0.0004219719378718567
Q20,Religiosity,0.3012703250719155,0.2993388282263396,0.3035497899388674,0.001931496845575864
Q20,Subjective social class,0.3012703250719155,0.3008252855659164,0.30558579621853477,0.0004450395059990564
Q20,Employment status,0.3012703250719155,0.3005337489669909,0.303134451803997,0.0007365761049245578
Q20,Marital status,0.3012703250719155,0.3016702903202401,0.30625415454924354,-0.00039996524832464075
Q21,Sex,0.1922582655777268,0.19248259912279347,0.1920480774737442,-0.00022433354506667946
Q21,Education (3-level),0.1922582655777268,0.18990349877558083,0.18928772439913688,0.002354766802145969
Q21,Personal income (3-level),0.1922582655777268,0.19212373957094328,0.19164214775874577,0.00013452600678351412
Q21,Religiosity,0.1922582655777268,0.19304332079633715,0.19261248330743208,-0.0007850552186103588
Q21,Subjective social class,0.1922582655777268,0.19125104633459253,0.19081293823461162,0.0010072192431342664
Q21,Employment status,0.1922582655777268,0.1919260360595085,0.19144894762014103,0.00033222951821829105
Q21,Marital status,0.1922582655777268,0.19271073065071745,0.1922506779536979,-0.0004524650729906543
Q22,Sex,0.26415862574205484,0.25943317351646206,0.2637858892362737,0.0047254522255927855
Q22,Education (3-level),0.26415862574205484,0.2607997715671794,0.26417621125530855,0.0033588541748754697
Q22,Personal income (3-level),0.26415862574205484,0.2634298672385268,0.2673754345685352,0.0007287585035280486
Q22,Religiosity,0.26415862574205484,0.25817917579119026,0.2621145582366426,0.005979449950864579
Q22,Subjective social class,0.26415862574205484,0.2644818052877781,0.269013746895703,-0.00032317954572325114
Q22,Employment status,0.26415862574205484,0.2612197797058188,0.2631333449834081,0.0029388460362360647
Q22,Marital status,0.26415862574205484,0.2636580430917591,0.26818728814489773,0.0005005826502957333
Q23,Sex,0.08465980791056117,0.08466777448712297,0.08488681487094589,-7.966576561796446e-06
Q23,Education (3-level),0.08465980791056117,0.084411432263307,0.08460191824731639,0.00024837564725417594
Q23,Personal income (3-level),0.08465980791056117,0.08462073514492663,0.0848353854660824,3.907276563454298e-05
Q23,Religiosity,0.08465980791056117,0.08483263969659141,0.08504308327326118,-0.0001728317860302392
Q23,Subjective social class,0.08465980791056117,0.0848408935539404,0.0850674513264357,-0.0001810856433792224
Q23,Employment status,0.08465980791056117,0.08401839912860817,0.08416088887174497,0.0006414087819529984
Q23,Marital status,0.08465980791056117,0.08459117349098248,0.08482964734184086,6.863441957868921e-05
Q24,Sex,0.6566982599701012,0.657499732890054,0.6575127141223901,-0.0008014729199528059
Q24,Education (3-level),0.6566982599701012,0.6564453861541435,0.6563945581580016,0.0002528738159577326
Q24,Personal income (3-level),0.6566982599701012,0.6570381538255494,0.6569885608193988,-0.0003398938554481923
Q24,Religiosity,0.6566982599701012,0.6534353032339435,0.6532889287146437,0.0032629567361577294
Q24,Subjective social class,0.6566982599701012,0.6580434457700363,0.6579518327212015,-0.0013451857999350336
Q24,Employment status,0.6566982599701012,0.6574726064847888,0.6570358570443648,-0.0007743465146875517
Q24,Marital status,0.6566982599701012,0.6569850568070902,0.6570580212578292,-0.0002867968369889562
Q25,Sex,0.08107884409088179,0.08116615852794039,0.08098736629249126,-8.731443705860265e-05
Q25,Education (3-level),0.08107884409088179,0.081054864938935,0.08087844309902129,2.3979151946781907e-05
Q25,Personal income (3-level),0.08107884409088179,0.08113895221819212,0.08096606057238033,-6.0108127310332105e-05
Q25,Religiosity,0.08107884409088179,0.08106392591849773,0.08088072608548451,1.491817238405413e-05
Q25,Subjective social class,0.08107884409088179,0.08125990887428028,0.08108540078581217,-0.00018106478339849352
Q25,Employment status,0.08107884409088179,0.08088439347942371,0.08069916811817718,0.0001944506114580774
Q25,Marital status,0.08107884409088179,0.08120606507074195,0.08103793451118274,-0.00012722097986016256
Q26,Sex,0.1853680972707469,0.18562242035838147,0.18621022309224414,-0.000254323087634567
Q26,Education (3-level),0.1853680972707469,0.1838987588454626,0.18425183421401276,0.0014693384252842945
Q26,Personal income (3-level),0.1853680972707469,0.18417854512774362,0.1846014903238632,0.0011895521430032863
Q26,Religiosity,0.1853680972707469,0.18567929133474434,0.18630231951897777,-0.0003111940639974331
Q26,Subjective social class,0.1853680972707469,0.18532445629964328,0.1859280636191758,4.3640971103625636e-05
Q26,Employment status,0.1853680972707469,0.1847919666417688,0.1850440532840797,0.0005761306289780999
Q26,Marital status,0.1853680972707469,0.18557204052191248,0.1861504998595528,-0.00020394325116557255
Q27,Sex,1.3074828822160611,1.308676043104814,1.3128604431182407,-0.0011931608887527645
Q27,Education (3-level),1.3074828822160611,1.304296385449145,1.3075325029127574,0.0031864967669161803
Q27,Personal income (3-level),1.3074828822160611,1.306883356406194,1.3109017821836275,0.0005995258098672185
Q27,Religiosity,1.3074828822160611,1.3029672693731433,1.3066249232792346,0.004515612842917793
Q27,Subjective social class,1.3074828822160611,1.304018916940008,1.3079046930107074,0.0034639652760530826
Q27,Employment status,1.3074828822160611,1.3068705617016871,1.310172850406001,0.0006123205143739874
Q27,Marital status,1.3074828822160611,1.310353863049794,1.3140293403126275,-0.002870980833732828
Q28,Sex,1.1732310846123748,1.16711109585577,1.17143509383521,0.0061199887566047995
Q28,Education (3-level),1.1732310846123748,1.1720846819020754,1.174894416138437,0.0011464027102994212
Q28,Personal income (3-level),1.1732310846123748,1.1726919849531063,1.1762293057308064,0.0005390996592684605
Q28,Religiosity,1.1732310846123748,1.1673571769045388,1.1711413663560906,0.0058739077078360236
Q28,Subjective social class,1.1732310846123748,1.172492064353847,1.177265237292943,0.0007390202585277894
Q28,Employment status,1.1732310846123748,1.1744770713612516,1.176609906014353,-0.0012459867488767706
Q28,Marital status,1.1732310846123748,1.172738600188331,1.1775836620022648,0.0004924844240437043
Q29,Sex,1.0718387640874538,1.0553084638002432,1.067510516836128,0.016530300287210586
Q29,Education (3-level),1.0718387640874538,1.0642170293562685,1.070983894955742,0.007621734731185326
Q29,Personal income (3-level),1.0718387640874538,1.0694185797451456,1.078098837133528,0.0024201843423081737
Q29,Religiosity,1.0718387640874538,1.0673338301753046,1.0773889497698539,0.004504933912149234
Q29,Subjective social class,1.0718387640874538,1.0674158463027548,1.0799193720030484,0.004422917784699054
Q29,Employment status,1.0718387640874538,1.0733479687375596,1.0794940263913881,-0.0015092046501057332
Q29,Marital status,1.0718387640874538,1.0714586692782815,1.0843818528209295,0.00038009480917233773
Q30,Sex,0.8589871467583752,0.845836403340525,0.8671769691842561,0.013150743417850164
Q30,Education (3-level),0.8589871467583752,0.8487688646646584,0.8608627166948629,0.01021828209371678
Q30,Personal income (3-level),0.8589871467583752,0.8547230680362917,0.8685838550313243,0.004264078722083453
Q30,Religiosity,0.8589871467583752,0.8479075680935809,0.8671605830565154,0.011079578664794254
Q30,Subjective social class,0.8589871467583752,0.8544554945713954,0.876695217836556,0.004531652186979818
Q30,Employment status,0.8589871467583752,0.860712890582182,0.8725502588532009,-0.0017257438238068579
Q30,Marital status,0.8589871467583752,0.8592980373896971,0.8797894135768647,-0.0003108906313219473
Q31,Sex,1.071335085973439,1.049401769105086,1.0612066214343954,0.02193331686835287
Q31,Education (3-level),1.071335085973439,1.0647468701277316,1.0711047459892349,0.006588215845707346
Q31,Personal income (3-level),1.071335085973439,1.065945241691762,1.0733312086534297,0.005389844281676881
Q31,Religiosity,1.071335085973439,1.063249209830412,1.0730677028301714,0.008085876143026915
Q31,Subjective social class,1.071335085973439,1.0661744758553269,1.0785758465615494,0.005160610118112086
Q31,Employment status,1.071335085973439,1.073114527273917,1.079467433936856,-0.001779441300478135
Q31,Marital status,1.071335085973439,1.0684393453003298,1.0816439271327138,0.0028957406731091595
Q32,Sex,1.3232828426088843,1.3172752229616007,1.331160945487502,0.00600761964728358
Q32,Education (3-level),1.3232828426088843,1.3196781972519445,1.3314130603119905,0.0036046453569398285
Q32,Personal income (3-level),1.3232828426088843,1.3237982785870313,1.33624470706354,-0.0005154359781469608
Q32,Religiosity,1.3232828426088843,1.3181832032330185,1.3319216092627042,0.005099639375865772
Q32,Subjective social class,1.3232828426088843,1.324762307502795,1.3386302436903326,-0.0014794648939107091
Q32,Employment status,1.3232828426088843,1.3245989384993948,1.3339529021490228,-0.0013160958905105158
Q32,Marital status,1.3232828426088843,1.319889841219016,1.3309461519329118,0.0033930013898682
Q33,Sex,1.0839377056619388,1.073207081692855,1.1176510654852003,0.010730623969083863
Q33,Education (3-level),1.0839377056619388,1.075913732725088,1.1105826842316726,0.008023972936850754
Q33,Personal income (3-level),1.0839377056619388,1.0757651766091616,1.109150557830301,0.008172529052777211
Q33,Religiosity,1.0839377056619388,1.0765853680194126,1.1182198343080993,0.0073523376425261855
Q33,Subjective social class,1.0839377056619388,1.0818548508313843,1.128304772152492,0.0020828548305544814
Q33,Employment status,1.0839377056619388,1.078842564579178,1.0977329045877915,0.005095141082760879
Q33,Marital status,1.0839377056619388,1.085556806878991,1.126309202033658,-0.0016191012170521102
Q34,Sex,1.622867268016971,1.6233579749467253,1.6199323650546666,-0.000490706929754392
Q34,Education (3-level),1.622867268016971,1.6166192956802454,1.6127198744398084,0.006247972336725471
Q34,Personal income (3-level),1.622867268016971,1.6213501639223522,1.6181873998684349,0.0015171040946186931
Q34,Religiosity,1.622867268016971,1.6241768685379743,1.6206012373228202,-0.0013096005210033734
Q34,Subjective social class,1.622867268016971,1.616814584161986,1.613729525683933,0.006052683854984808
Q34,Employment status,1.622867268016971,1.623344478421481,1.6195095186158592,-0.0004772104045100978
Q34,Marital status,1.622867268016971,1.6252834599687582,1.621929505078381,-0.0024161919517873276
Q35,Sex,1.2608041674367005,1.263593477978724,1.2992836785728739,-0.00278931054202336
Q35,Education (3-level),1.2608041674367005,1.2477884913211486,1.2717831703272702,0.013015676115551988
Q35,Personal income (3-level),1.2608041674367005,1.247762276839159,1.2731140870998305,0.013041890597541572
Q35,Religiosity,1.2608041674367005,1.2596415529122358,1.2932032928836619,0.0011626145244647557
Q35,Subjective social class,1.2608041674367005,1.2554672793976067,1.2920685766365225,0.005336888039093823
Q35,Employment status,1.2608041674367005,1.248539816668742,1.266105686651803,0.01226435076795851
Q35,Marital status,1.2608041674367005,1.2583244489568461,1.292314891160166,0.002479718479854398
Q36,Sex,1.6109110855374653,1.5884179463471109,1.6256412548425747,0.02249313919035445
Q36,Education (3-level),1.6109110855374653,1.6110755934884267,1.6430268922057691,-0.00016450795096134563
Q36,Personal income (3-level),1.6109110855374653,1.6080603419605979,1.6400347968605895,0.0028507435768674316
Q36,Religiosity,1.6109110855374653,1.5905939961278766,1.6246768271055363,0.020317089409588762
Q36,Subjective social class,1.6109110855374653,1.612260173440092,1.649862110204031,-0.0013490879026267777
Q36,Employment status,1.6109110855374653,1.6095898535367326,1.6364585522295971,0.0013212320007327527
Q36,Marital status,1.6109110855374653,1.606180303224311,1.6398362624409473,0.00473078231315438
Q37,Sex,1.2746608225885048,1.2652692007133666,1.2655455518797685,0.0093916218751382
Q37,Education (3-level),1.2746608225885048,1.2749591216842528,1.2750498278040585,-0.000298299095748078
Q37,Personal income (3-level),1.2746608225885048,1.2750244596109186,1.2746326469931692,-0.0003636370224138208
Q37,Religiosity,1.2746608225885048,1.251517526699654,1.251112782024256,0.023143295888850668
Q37,Subjective social class,1.2746608225885048,1.2779353193740315,1.2785208941318436,-0.003274496785526715
Q37,Employment status,1.2746608225885048,1.2759757283265087,1.2752625202755419,-0.0013149057380039686
Q37,Marital status,1.2746608225885048,1.2771440033335457,1.2771328461331002,-0.002483180745040947
Q38,Sex,1.4730775828406224,1.4713487552211604,1.4797094543309643,0.0017288276194620256
Q38,Education (3-level),1.4730775828406224,1.4736213481371272,1.4796439848506955,-0.0005437652965047945
Q38,Personal income (3-level),1.4730775828406224,1.4767897122018738,1.4837267719446832,-0.003712129361251426
Q38,Religiosity,1.4730775828406224,1.4577071879605366,1.4679340136454342,0.015370394880085847
Q38,Subjective social class,1.4730775828406224,1.4741155092582063,1.4819965746424146,-0.0010379264175839342
Q38,Employment status,1.4730775828406224,1.4764360954005218,1.4828152791757667,-0.003358512559899385
Q38,Marital status,1.4730775828406224,1.4693085951662943,1.4753503449583838,0.003768987674328095
Q39,Sex,1.5692494307161897,1.5558399191953396,1.5611889938038432,0.013409511520850126
Q39,Education (3-level),1.5692494307161897,1.5666534983569909,1.5711779271665427,0.0025959323591988603
Q39,Personal income (3-level),1.5692494307161897,1.5696177760373728,1.5735675721492144,-0.0003683453211831278
Q39,Religiosity,1.5692494307161897,1.571196832998553,1.5763537707837287,-0.001947402282363342
Q39,Subjective social class,1.5692494307161897,1.5643018271345877,1.5698630583667559,0.004947603581602067
Q39,Employment status,1.5692494307161897,1.5673636100574657,1.57139082279955,0.0018858206587240023
Q39,Marital status,1.5692494307161897,1.5697061662652503,1.5759201281558541,-0.0004567355490605607
Q40,Sex,1.4796381543119432,1.477586920519863,1.4748390638503133,0.002051233792080165
Q40,Education (3-level),1.4796381543119432,1.4814867604214461,1.4785414670579813,-0.0018486061095028816
Q40,Personal income (3-level),1.4796381543119432,1.480758584874053,1.477759582756205,-0.0011204305621097532
Q40,Religiosity,1.4796381543119432,1.47652615172214,1.473520029836861,0.0031120025898032644
Q40,Subjective social class,1.4796381543119432,1.4817764723605633,1.4789683708805859,-0.0021383180486200803
Q40,Employment status,1.4796381543119432,1.4807861251337449,1.4785532182778536,-0.001147970821801625
Q40,Marital status,1.4796381543119432,1.4822886650677196,1.4798159423869492,-0.0026505107557763807
Q41,Sex,1.3850981903265154,1.384962680890243,1.4140772329017122,0.00013550943627227419
Q41,Education (3-level),1.3850981903265154,1.3816186801527113,1.404533454480566,0.003479510173804101
Q41,Personal income (3-level),1.3850981903265154,1.3864656121640029,1.414123642466468,-0.0013674218374875036
Q41,Religiosity,1.3850981903265154,1.3789563834112006,1.4058152300104862,0.00614180691531474
Q41,Subjective social class,1.3850981903265154,1.3862941466158265,1.4159102411490454,-0.0011959562893111286
Q41,Employment status,1.3850981903265154,1.3816488994108622,1.3968830151732927,0.003449290915653158
Q41,Marital status,1.3850981903265154,1.385818857424956,1.4126350313450229,-0.0007206670984405417
Q42,Sex,0.642051981797466,0.6420285727893138,0.6650534879943496,2.3409008152230903e-05
Q42,Education (3-level),0.642051981797466,0.634811717737559,0.6514203992970478,0.0072402640599070756
Q42,Personal income (3-level),0.642051981797466,0.6391779307093998,0.6573971854792574,0.002874051088066265
Q42,Religiosity,0.642051981797466,0.639317896032201,0.6604653514961398,0.0027340857652650152
Q42,Subjective social class,0.642051981797466,0.6418162225267154,0.664921804843679,0.00023575927075059067
Q42,Employment status,0.642051981797466,0.6400117810290608,0.6540180602268744,0.002040200768405276
Q42,Marital status,0.642051981797466,0.6359625941446179,0.6563062411461094,0.006089387652848166
Q43,Sex,1.0185892118716229,1.0182306164170583,1.0364472005802834,0.00035859545456462527
Q43,Education (3-level),1.0185892118716229,1.0198628812433541,1.0352699803613912,-0.0012736693717312342
Q43,Personal income (3-level),1.0185892118716229,1.0184663542196613,1.0350829004600073,0.00012285765196162757
Q43,Religiosity,1.0185892118716229,1.0183127693686473,1.0357375763787375,0.00027644250297553796
Q43,Subjective social class,1.0185892118716229,1.0209883971461027,1.0391582573380385,-0.002399185274479798
Q43,Employment status,1.0185892118716229,1.0184604632074663,1.031780673841895,0.00012874866415657493
Q43,Marital status,1.0185892118716229,1.0178211428118664,1.0328724411464303,0.0007680690597564599
Q44,Sex,0.9177293013545287,0.906371700469248,0.9063154946141513,0.011357600885280705
Q44,Education (3-level),0.9177293013545287,0.9168484873579995,0.9168576214266524,0.0008808139965291728
Q44,Personal income (3-level),0.9177293013545287,0.9114270245713788,0.9119693570240477,0.006302276783149874
Q44,Religiosity,0.9177293013545287,0.9153598185180195,0.9154590085689949,0.0023694828365091736
Q44,Subjective social class,0.9177293013545287,0.9185946025506245,0.9186875050218777,-0.0008653011960958468
Q44,Employment status,0.9177293013545287,0.9187579655200697,0.9189961576158447,-0.0010286641655410378
Q44,Marital status,0.9177293013545287,0.9189369572899448,0.9191316930801579,-0.0012076559354161631
Q45,Sex,0.9411796955968809,0.9418356851854662,0.9462412372356752,-0.0006559895885853706
Q45,Education (3-level),0.9411796955968809,0.9349043790447334,0.936263604167251,0.006275316552147414
Q45,Personal income (3-level),0.9411796955968809,0.941703307182389,0.9454824412321947,-0.0005236115855081769
Q45,Religiosity,0.9411796955968809,0.9377464677047597,0.9408964346468285,0.0034332278921211934
Q45,Subjective social class,0.9411796955968809,0.9444475775045097,0.9488038461307624,-0.0032678819076288335
Q45,Employment status,0.9411796955968809,0.942001983731072,0.9422664979112776,-0.0008222881341911625
Q45,Marital status,0.9411796955968809,0.9400509006952056,0.9434785129904991,0.0011287949016752785
Q46,Sex,0.8431488360088931,0.8410653243605202,0.8416851486377613,0.0020835116483729488
Q46,Education (3-level),0.8431488360088931,0.8434250871760026,0.8440864197838576,-0.00027625116710949804
Q46,Personal income (3-level),0.8431488360088931,0.8379625445218568,0.8392862766155431,0.00518629148703631
Q46,Religiosity,0.8431488360088931,0.8428398126928902,0.8430767420559564,0.0003090233160029099
Q46,Subjective social class,0.8431488360088931,0.8341597313301717,0.8342384529086558,0.008989104678721382
Q46,Employment status,0.8431488360088931,0.8385857318100012,0.8396101889527848,0.004563104198891943
Q46,Marital status,0.8431488360088931,0.8371884833404828,0.837151646378896,0.005960352668410329
Q47,Sex,1.2271128584953108,1.2248821682379338,1.2289375210340654,0.0022306902573769882
Q47,Education (3-level),1.2271128584953108,1.2216725283221848,1.2256042571642005,0.005440330173126062
Q47,Personal income (3-level),1.2271128584953108,1.2210434912295542,1.2242216483732753,0.006069367265756576
Q47,Religiosity,1.2271128584953108,1.221667682509616,1.225651410189616,0.005445175985694828
Q47,Subjective social class,1.2271128584953108,1.2106320687761056,1.2145689122775685,0.01648078971920519
Q47,Employment status,1.2271128584953108,1.2169718110971064,1.221004590228958,0.010141047398204428
Q47,Marital status,1.2271128584953108,1.2263299780836836,1.2299387151525654,0.0007828804116272181
Q48,Sex,1.900510682288957,1.9018457476423851,1.902162174760105,-0.0013350653534280887
Q48,Education (3-level),1.900510682288957,1.8955522092535553,1.8946357523710318,0.004958473035401756
Q48,Personal income (3-level),1.900510682288957,1.895655658066189,1.8957982515979304,0.004855024222768067
Q48,Religiosity,1.900510682288957,1.9008934429582596,1.9013953047084384,-0.0003827606693025398
Q48,Subjective social class,1.900510682288957,1.8888290480643934,1.8890532923149745,0.011681634224563586
Q48,Employment status,1.900510682288957,1.9019324155337987,1.9012356769739207,-0.0014217332448416276
Q48,Marital status,1.900510682288957,1.8992350786581205,1.8993849004019174,0.0012756036308365637
Q49,Sex,1.8678884084027552,1.868296664047356,1.8798605145710052,-0.00040825564460078567
Q49,Education (3-level),1.8678884084027552,1.86186951293528,1.8706246814879226,0.006018895467475138
Q49,Personal income (3-level),1.8678884084027552,1.8613912822807266,1.8732799353178144,0.006497126122028574
Q49,Religiosity,1.8678884084027552,1.8686356524274654,1.879176105383107,-0.0007472440247102696
Q49,Subjective social class,1.8678884084027552,1.8490030942559224,1.860099400940656,0.01888531414683281
Q49,Employment status,1.8678884084027552,1.8638267402773956,1.8696292721514531,0.004061668125359574
Q49,Marital status,1.8678884084027552,1.8531457717609539,1.8622701530826202,0.01474263664180131
Q50,Sex,2.0998211192405933,2.099758990991888,2.1140017692264372,6.212824870521771e-05
Q50,Education (3-level),2.0998211192405933,2.0938133325536072,2.106744930346165,0.006007786686986094
Q50,Personal income (3-level),2.0998211192405933,2.078455534763276,2.0956557123708617,0.021365584477317512
Q50,Religiosity,2.0998211192405933,2.1000029334608232,2.1137659987103405,-0.00018181422022989224
Q50,Subjective social class,2.0998211192405933,2.061445643180113,2.075361073352927,0.038375476060480196
Q50,Employment status,2.0998211192405933,2.093683892788701,2.0988530518085535,0.006137226451892186
Q50,Marital status,2.0998211192405933,2.093383010249254,2.105628674703669,0.006438108991339231
Q56,Sex,0.9532163711524314,0.9536614696911633,0.9641741888045615,-0.00044509853873186955
Q56,Education (3-level),0.9532163711524314,0.9523329700572949,0.9637041831086248,0.0008834010951365157
Q56,Personal income (3-level),0.9532163711524314,0.9344839574757389,0.9504752949483359,0.01873241367669254
Q56,Religiosity,0.9532163711524314,0.9534508058163194,0.9641249870495059,-0.0002344346638879502
Q56,Subjective social class,0.9532163711524314,0.9420418719524015,0.9523052718266001,0.011174499200029886
Q56,Employment status,0.9532163711524314,0.9510862590865095,0.9580377232111454,0.002130112065921952
Q56,Marital status,0.9532163711524314,0.9403473031120552,0.9489359367862578,0.012869068040376241
Q57,Sex,0.7399279494128929,0.7405585275287739,0.741999103576367,-0.0006305781158810753
Q57,Education (3-level),0.7399279494128929,0.7280456428538955,0.7294283261645587,0.011882306558997358
Q57,Personal income (3-level),0.7399279494128929,0.7309459687598105,0.731965728130833,0.008981980653082311
Q57,Religiosity,0.7399279494128929,0.739800790323879,0.7410792636074715,0.00012715908901383965
Q57,Subjective social class,0.7399279494128929,0.7298017851358031,0.7308598394342559,0.010126164277089789
Q57,Employment status,0.7399279494128929,0.7393566071782341,0.7403652147736752,0.0005713422346587116
Q57,Marital status,0.7399279494128929,0.7371037867929203,0.7374263869872836,0.0028241626199725367
Q58,Sex,0.5430541053395898,0.5420486329266033,0.5392668962059025,0.00100547241298643
Q58,Education (3-level),0.5430541053395898,0.5440144109571887,0.541054423470365,-0.0009603056175989666
Q58,Personal income (3-level),0.5430541053395898,0.541176661766446,0.5385246801638438,0.0018774435731437888
Q58,Religiosity,0.5430541053395898,0.5458950577579718,0.5430711128500901,-0.0028409524183820034
Q58,Subjective social class,0.5430541053395898,0.5430624180689996,0.5402875558942644,-8.31272940982064e-06
Q58,Employment status,0.5430541053395898,0.5414108359534081,0.5385971148066522,0.001643269386181645
Q58,Marital status,0.5430541053395898,0.5378179611598932,0.5348942814345365,0.0052361441796965336
Q59,Sex,0.9200072081559437,0.9172929550059772,0.9262035731605052,0.002714253149966539
Q59,Education (3-level),0.9200072081559437,0.917822844896997,0.9255794428135055,0.0021843632589467754
Q59,Personal income (3-level),0.9200072081559437,0.9163785743046816,0.9235641842849527,0.0036286338512621086
Q59,Religiosity,0.9200072081559437,0.9215593129373861,0.9294155777908009,-0.0015521047814424094
Q59,Subjective social class,0.9200072081559437,0.9187154807327257,0.9269152689260995,0.0012917274232180365
Q59,Employment status,0.9200072081559437,0.9164119078320251,0.9222346092747093,0.0035953003239186376
Q59,Marital status,0.9200072081559437,0.9203847269812986,0.9276273072950338,-0.00037751882535486114
Q60,Sex,0.7755452657463338,0.7733489532824632,0.780307329557689,0.002196312463870531
Q60,Education (3-level),0.7755452657463338,0.7755589308067041,0.7834214468128834,-1.3665060370371407e-05
Q60,Personal income (3-level),0.7755452657463338,0.775786923656453,0.7829605286072353,-0.00024165791011920845
Q60,Religiosity,0.7755452657463338,0.776930830183974,0.7835745309538409,-0.0013855644376402632
Q60,Subjective social class,0.7755452657463338,0.7749738983632,0.7811884312205694,0.0005713673831337918
Q60,Employment status,0.7755452657463338,0.7759395998083211,0.7807635346425479,-0.00039433406198730037
Q60,Marital status,0.7755452657463338,0.7721925608370197,0.7760382225209087,0.0033527049093140526
Q61,Sex,1.1216611256451716,1.121806262958419,1.128128943681116,-0.00014513731324727885
Q61,Education (3-level),1.1216611256451716,1.1190561163308659,1.1264736673401774,0.0026050093143057396
Q61,Personal income (3-level),1.1216611256451716,1.1152094439024598,1.1240606311355676,0.006451681742711823
Q61,Religiosity,1.1216611256451716,1.120593435009558,1.1269826665925522,0.0010676906356135163
Q61,Subjective social class,1.1216611256451716,1.1156594143069956,1.1216233498096067,0.006001711338176063
Q61,Employment status,1.1216611256451716,1.1213993671959104,1.1269415241804954,0.00026175844926124014
Q61,Marital status,1.1216611256451716,1.1151800644704917,1.1175353838994018,0.006481061174679947
Q62,Sex,1.1968278200842442,1.19631517074265,1.1967676450613816,0.000512649341594118
Q62,Education (3-level),1.1968278200842442,1.1877867747609698,1.1884109098889721,0.009041045323274322
Q62,Personal income (3-level),1.1968278200842442,1.1965195731353186,1.196720750969908,0.00030824694892550575
Q62,Religiosity,1.1968278200842442,1.1934311719267732,1.1940060795522682,0.003396648157470983
Q62,Subjective social class,1.1968278200842442,1.1904251088183118,1.1910751019354597,0.006402711265932393
Q62,Employment status,1.1968278200842442,1.1974784987206626,1.1982278164992897,-0.0006506786364184336
Q62,Marital status,1.1968278200842442,1.1986143485464535,1.1991774974053961,-0.0017865284622093913
Q63,Sex,1.1488251481926581,1.148432665906602,1.1492257604286134,0.00039248228605615054
Q63,Education (3-level),1.1488251481926581,1.1426579954069058,1.1440090351932983,0.006167152785752306
Q63,Personal income (3-level),1.1488251481926581,1.1446377706321242,1.1448393664886685,0.004187377560533889
Q63,Religiosity,1.1488251481926581,1.1499041099035157,1.150864600199253,-0.001078961710857529
Q63,Subjective social class,1.1488251481926581,1.141117656838779,1.1423430225077993,0.007707491353879048
Q63,Employment status,1.1488251481926581,1.149767747732935,1.150461599587514,-0.0009425995402769782
Q63,Marital status,1.1488251481926581,1.1489524918175922,1.1501395478144232,-0.00012734362493405094
Q64,Sex,1.3698855751363774,1.37030957515473,1.383522647571778,-0.0004240000183526327
Q64,Education (3-level),1.3698855751363774,1.3730041791807088,1.3859598957465509,-0.0031186040443313967
Q64,Personal income (3-level),1.3698855751363774,1.3677928226314842,1.3815161547325903,0.0020927525048932694
Q64,Religiosity,1.3698855751363774,1.2706806687307601,1.280803673057691,0.0992049064056173
Q64,Subjective social class,1.3698855751363774,1.3697976952860196,1.3832633220244468,8.787985035785262e-05
Q64,Employment status,1.3698855751363774,1.370281604742773,1.3818469163349054,-0.00039602960639562035
Q64,Marital status,1.3698855751363774,1.3689693442719697,1.3804876626446887,0.0009162308644077299
Q65,Sex,1.1109473250230866,1.1090678591715204,1.1108359488852906,0.0018794658515661755
Q65,Education (3-level),1.1109473250230866,1.1124916026938725,1.1133692670721405,-0.0015442776707859096
Q65,Personal income (3-level),1.1109473250230866,1.1115525907489676,1.1133090036337765,-0.0006052657258810434
Q65,Religiosity,1.1109473250230866,1.1070312538780969,1.1083668753563116,0.003916071144989708
Q65,Subjective social class,1.1109473250230866,1.1111636504724658,1.1130835047266632,-0.00021632544937921772
Q65,Employment status,1.1109473250230866,1.1102453596483408,1.113038808775619,0.000701965374745761
Q65,Marital status,1.1109473250230866,1.1071075816813103,1.1083351152946022,0.0038397433417762805
Q66,Sex,1.1171494778856987,1.1148658500019506,1.1153988764562424,0.0022836278837481405
Q66,Education (3-level),1.1171494778856987,1.1173684347952,1.1179301363149499,-0.00021895690950124447
Q66,Personal income (3-level),1.1171494778856987,1.119564653745567,1.1195006498507225,-0.0024151758598682793
Q66,Religiosity,1.1171494778856987,1.1190468688358475,1.1194580864000476,-0.0018973909501487363
Q66,Subjective social class,1.1171494778856987,1.1149900557410612,1.1151514986629865,0.0021594221446374906
Q66,Employment status,1.1171494778856987,1.1174733123587357,1.1176179282731868,-0.0003238344730369658
Q66,Marital status,1.1171494778856987,1.1163824532139768,1.1163831996125473,0.0007670246717219609
Q67,Sex,1.09277498585215,1.0923501007936107,1.0951582683960865,0.000424885058539326
Q67,Education (3-level),1.09277498585215,1.0895248847301648,1.0903275097147767,0.003250101121985205
Q67,Personal income (3-level),1.09277498585215,1.0937292938620058,1.0961899914094846,-0.0009543080098557422
Q67,Religiosity,1.09277498585215,1.0938727185789203,1.0961760395648226,-0.001097732726770273
Q67,Subjective social class,1.09277498585215,1.0938972659630195,1.0965896660103098,-0.0011222801108694558
Q67,Employment status,1.09277498585215,1.093048090530687,1.0946165769872684,-0.00027310467853691733
Q67,Marital status,1.09277498585215,1.0934215687157578,1.095254266939674,-0.0006465828636077475
Q68,Sex,1.3713664615575285,1.3564994600628373,1.3629148767573427,0.014867001494691223
Q68,Education (3-level),1.3713664615575285,1.3632417842884537,1.3699639188538923,0.008124677269074843
Q68,Personal income (3-level),1.3713664615575285,1.3715689451682198,1.3793296268456088,-0.00020248361069130638
Q68,Religiosity,1.3713664615575285,1.3716964935181122,1.3789930496516394,-0.00033003196058367656
Q68,Subjective social class,1.3713664615575285,1.3682887055212378,1.3750920518649123,0.0030777560362906797
Q68,Employment status,1.3713664615575285,1.371513861479039,1.3768616455077072,-0.00014739992151047154
Q68,Marital status,1.3713664615575285,1.368382553694325,1.3732219981396665,0.002983907863203461
Q69,Sex,1.0020027421539917,1.001034827138161,1.0038136181923216,0.0009679150158306005
Q69,Education (3-level),1.0020027421539917,1.0011911304820695,1.0036279600945255,0.0008116116719221189
Q69,Personal income (3-level),1.0020027421539917,1.0015015413823176,1.004235728551201,0.0005012007716740374
Q69,Religiosity,1.0020027421539917,1.0036351268626784,1.0057666490567176,-0.0016323847086867627
Q69,Subjective social class,1.0020027421539917,1.0017295065152907,1.0040966307983086,0.0002732356387009638
Q69,Employment status,1.0020027421539917,1.0024538480379095,1.0042225632630815,-0.000451105883917835
Q69,Marital status,1.0020027421539917,1.0012744847835597,1.0027242628949251,0.0007282573704319173
Q70,Sex,1.200152459734514,1.2001771188031587,1.214448008101609,-2.4659068644794502e-05
Q70,Education (3-level),1.200152459734514,1.1953853375825882,1.212739485796675,0.004767122151925651
Q70,Personal income (3-level),1.200152459734514,1.2011752643112958,1.2170341251375218,-0.0010228045767819438
Q70,Religiosity,1.200152459734514,1.2006208817542436,1.2143883632443,-0.00046842201972974173
Q70,Subjective social class,1.200152459734514,1.1926730417691662,1.2072566605759072,0.007479417965347679
Q70,Employment status,1.200152459734514,1.197297812927262,1.2078144918773668,0.0028546468072518927
Q70,Marital status,1.200152459734514,1.2012635910304548,1.2143462215997516,-0.0011111312959408703
Q71,Sex,1.270326512690261,1.2638648655003653,1.262728251956156,0.006461647189895725
Q71,Education (3-level),1.270326512690261,1.2633000478491012,1.2618824094231844,0.007026464841159763
Q71,Personal income (3-level),1.270326512690261,1.2705913706721166,1.2688418196732587,-0.00026485798185560405
Q71,Religiosity,1.270326512690261,1.2713549816162533,1.2700716876654279,-0.0010284689259922875
Q71,Subjective social class,1.270326512690261,1.269393879133602,1.2681188697505248,0.0009326335566590682
Q71,Employment status,1.270326512690261,1.2689124449580294,1.2666484955837027,0.0014140677322316275
Q71,Marital status,1.270326512690261,1.2678030450974969,1.265615234532882,0.002523467592764117
Q72,Sex,1.0919647155174679,1.0830770853343994,1.0846438478124514,0.008887630183068485
Q72,Education (3-level),1.0919647155174679,1.0924298649514936,1.0941672355766023,-0.0004651494340257578
Q72,Personal income (3-level),1.0919647155174679,1.0956977022562817,1.097238843080433,-0.003732986738813837
Q72,Religiosity,1.0919647155174679,1.0924665543047865,1.093916349596919,-0.0005018387873185759
Q72,Subjective social class,1.0919647155174679,1.0958444065518964,1.0970303381246749,-0.003879691034428534
Q72,Employment status,1.0919647155174679,1.0900940672566493,1.0909554367096628,0.0018706482608186192
Q72,Marital status,1.0919647155174679,1.0922103175576043,1.093330833454934,-0.00024560204013646114
Q73,Sex,1.2490010160125358,1.24162472983376,1.2412724617645172,0.007376286178775837
Q73,Education (3-level),1.2490010160125358,1.2339605772851456,1.236005197478786,0.015040438727390137
Q73,Personal income (3-level),1.2490010160125358,1.245356536582932,1.2456539321327647,0.0036444794296037752
Q73,Religiosity,1.2490010160125358,1.2491329075227033,1.2486683128438747,-0.00013189151016756995
Q73,Subjective social class,1.2490010160125358,1.2421421984122332,1.241772640791915,0.0068588176003026025
Q73,Employment status,1.2490010160125358,1.2450525146242795,1.2447111154683184,0.003948501388256309
Q73,Marital status,1.2490010160125358,1.2485971445016557,1.2477971748715713,0.00040387151088006057
Q74,Sex,1.1982899117380388,1.1965625060259586,1.2021871124725476,0.0017274057120801878
Q74,Education (3-level),1.1982899117380388,1.1824075770493905,1.186943252243118,0.015882334688648303
Q74,Personal income (3-level),1.1982899117380388,1.1972899357779747,1.2020516174608813,0.00099997596006407
Q74,Religiosity,1.1982899117380388,1.1999959196940886,1.2055839914216313,-0.0017060079560498043
Q74,Subjective social class,1.1982899117380388,1.1950203639146468,1.2010814036540052,0.0032695478233919495
Q74,Employment status,1.1982899117380388,1.1970808440202116,1.2032150697842572,0.0012090677178271392
Q74,Marital status,1.1982899117380388,1.1958871051563364,1.201397533572428,0.0024028065817023325
Q75,Sex,1.1773133800724407,1.1760706842269317,1.1743960905825872,0.0012426958455089565
Q75,Education (3-level),1.1773133800724407,1.1667289159833172,1.1652328900976934,0.010584464089123502
Q75,Personal income (3-level),1.1773133800724407,1.1724155964386767,1.1708271602525078,0.00489778363376403
Q75,Religiosity,1.1773133800724407,1.1787839021498165,1.176867889240048,-0.0014705220773758576
Q75,Subjective social class,1.1773133800724407,1.1663673199361564,1.1644980102146696,0.010946060136284297
Q75,Employment status,1.1773133800724407,1.178418554933633,1.1767555673379153,-0.0011051748611923262
Q75,Marital status,1.1773133800724407,1.1753739480202214,1.1735151762016474,0.0019394320522192476
Q76,Sex,1.2963268019805358,1.2950801741309217,1.2926129879044739,0.001246627849614157
Q76,Education (3-level),1.2963268019805358,1.2795144197511574,1.2791659959851926,0.01681238222937842
Q76,Personal income (3-level),1.2963268019805358,1.2901986615601486,1.288857862660304,0.006128140420387229
Q76,Religiosity,1.2963268019805358,1.2958584810141496,1.2936868741608065,0.00046832096638627085
Q76,Subjective social class,1.2963268019805358,1.2846223339686684,1.2822792087321533,0.01170446801186742
Q76,Employment status,1.2963268019805358,1.2970251953474237,1.294871449303208,-0.0006983933668878173
Q76,Marital status,1.2963268019805358,1.298095251491216,1.2954182445286326,-0.0017684495106802256
Q77,Sex,1.233106441345138,1.2275720625635,1.2261638484146413,0.005534378781637983
Q77,Education (3-level),1.233106441345138,1.2339253065138225,1.2329200039054828,-0.0008188651686844572
Q77,Personal income (3-level),1.233106441345138,1.2302237417165016,1.228716158531521,0.0028826996286364093
Q77,Religiosity,1.233106441345138,1.2365904498600988,1.235118248779877,-0.003484008514960779
Q77,Subjective social class,1.233106441345138,1.2326519814950314,1.2311831376860858,0.0004544598501066144
Q77,Employment status,1.233106441345138,1.231706409841403,1.2306492326587373,0.001400031503735022
Q77,Marital status,1.233106441345138,1.2255598710159643,1.223244505986441,0.0075465703291737185
Q78,Sex,1.265125711442418,1.257625160940291,1.2559062275671653,0.007500550502126835
Q78,Education (3-level),1.265125711442418,1.267168174327858,1.2651528590894041,-0.0020424628854400773
Q78,Personal income (3-level),1.265125711442418,1.2649946367442149,1.2625818867326721,0.00013107469820305973
Q78,Religiosity,1.265125711442418,1.2641886260615034,1.2618824473781447,0.0009370853809145263
Q78,Subjective social class,1.265125711442418,1.262270450282632,1.2600282199593087,0.002855261159785849
Q78,Employment status,1.265125711442418,1.266059931251969,1.2643615790834486,-0.0009342198095509957
Q78,Marital status,1.265125711442418,1.2646992301016062,1.263056324739262,0.00042648134081169076
Q79,Sex,1.2586852698985567,1.2468223502803275,1.2492471019843057,0.011862919618229162
Q79,Education (3-level),1.2586852698985567,1.2575975107836173,1.2590352453866038,0.0010877591149394128
Q79,Personal income (3-level),1.2586852698985567,1.2574811553487977,1.2586970419682175,0.0012041145497589945
Q79,Religiosity,1.2586852698985567,1.2605491146817467,1.262805369104219,-0.0018638447831900162
Q79,Subjective social class,1.2586852698985567,1.2578438932074723,1.2604121261555306,0.0008413766910844167
Q79,Employment status,1.2586852698985567,1.2604647435490632,1.2615320509326602,-0.001779473650506569
Q79,Marital status,1.2586852698985567,1.250871718301316,1.2539719713067679,0.00781355159724062
Q80,Sex,1.251673155261914,1.2400123609288671,1.2431879631071863,0.011660794333046898
Q80,Education (3-level),1.251673155261914,1.253042888081349,1.256202979134832,-0.0013697328194348657
Q80,Personal income (3-level),1.251673155261914,1.2513462686812329,1.2539960026020565,0.0003268865806811405
Q80,Religiosity,1.251673155261914,1.2523162649481168,1.2552584175081272,-0.0006431096862027363
Q80,Subjective social class,1.251673155261914,1.2474909904094682,1.2506900986344922,0.004182164852445824
Q80,Employment status,1.251673155261914,1.252346316361961,1.2553607266257942,-0.0006731611000470039
Q80,Marital status,1.251673155261914,1.2504460661562946,1.2528909349601118,0.0012270891056194166
Q81,Sex,1.2912565929220612,1.2861855983413295,1.2858876891770663,0.00507099458073168
Q81,Education (3-level),1.2912565929220612,1.2898662500029594,1.2890175551767311,0.0013903429191017835
Q81,Personal income (3-level),1.2912565929220612,1.2873977105252543,1.2860736879845303,0.003858882396806873
Q81,Religiosity,1.2912565929220612,1.2922510327801153,1.291519227906537,-0.0009944398580541414
Q81,Subjective social class,1.2912565929220612,1.2876116453860917,1.2868319884627653,0.003644947535969445
Q81,Employment status,1.2912565929220612,1.2898285815231074,1.289653508399605,0.0014280113989537657
Q81,Marital status,1.2912565929220612,1.288459945501253,1.287966667822423,0.002796647420808096
Q83,Sex,1.4643681187561683,1.4539857463594648,1.4571454392792413,0.010382372396703587
Q83,Education (3-level),1.4643681187561683,1.457476158053306,1.4590454500373453,0.006891960702862354
Q83,Personal income (3-level),1.4643681187561683,1.4621214555275668,1.4638239820323176,0.002246663228601564
Q83,Religiosity,1.4643681187561683,1.4665706788902761,1.4690553530843433,-0.0022025601341078005
Q83,Subjective social class,1.4643681187561683,1.4617494158104996,1.4650501301561012,0.002618702945668794
Q83,Employment status,1.4643681187561683,1.4643744424711005,1.4652341006186476,-6.323714932143787e-06
Q83,Marital status,1.4643681187561683,1.4620029625403492,1.4651393378212225,0.0023651562158191197
Q84,Sex,1.4133966823947648,1.3919881890221313,1.4041096674338853,0.021408493372633508
Q84,Education (3-level),1.4133966823947648,1.4138323898536198,1.4285338020731655,-0.00043570745885501694
Q84,Personal income (3-level),1.4133966823947648,1.4110706478147463,1.4240719421887202,0.0023260345800184545
Q84,Religiosity,1.4133966823947648,1.4167437504552933,1.4294163202037882,-0.0033470680605285352
Q84,Subjective social class,1.4133966823947648,1.4078187274362883,1.4208835317393063,0.005577954958476461
Q84,Employment status,1.4133966823947648,1.4106576207527666,1.4240845755811793,0.0027390616419982194
Q84,Marital status,1.4133966823947648,1.4112915832053499,1.4222934868427834,0.0021050991894149274
Q85,Sex,1.4255338677503497,1.4132040191028659,1.4168732154528225,0.012329848647483876
Q85,Education (3-level),1.4255338677503497,1.421365349046162,1.4255636289160343,0.004168518704187774
Q85,Personal income (3-level),1.4255338677503497,1.4268807466162667,1.430683037416427,-0.0013468788659170006
Q85,Religiosity,1.4255338677503497,1.4274506791095778,1.4316363346465208,-0.0019168113592280545
Q85,Subjective social class,1.4255338677503497,1.4127224897719337,1.417146318147767,0.012811377978416028
Q85,Employment status,1.4255338677503497,1.4220554608200198,1.4266600908225788,0.003478406930329969
Q85,Marital status,1.4255338677503497,1.4210816320008868,1.4239373119090994,0.004452235749462963
Q87,Sex,1.4431803136383015,1.429497490232289,1.430194086893347,0.013682823406012457
Q87,Education (3-level),1.4431803136383015,1.4423753547516682,1.4446768379635098,0.0008049588866332336
Q87,Personal income (3-level),1.4431803136383015,1.4396006552467635,1.4406233315049448,0.0035796583915379543
Q87,Religiosity,1.4431803136383015,1.446013647192819,1.4467210745496066,-0.0028333335545176475
Q87,Subjective social class,1.4431803136383015,1.4368121827815323,1.4377274712157815,0.0063681308567691275
Q87,Employment status,1.4431803136383015,1.4371396212765244,1.439825313502305,0.006040692361777067
Q87,Marital status,1.4431803136383015,1.4383069992081334,1.4378360419706913,0.00487331443016803
Q88,Sex,1.4077026251646354,1.4033246073587589,1.4060912541254402,0.004378017805876544
Q88,Education (3-level),1.4077026251646354,1.3955126855627984,1.3990223671245847,0.012189939601837008
Q88,Personal income (3-level),1.4077026251646354,1.4052249856389418,1.407650735119724,0.0024776395256935757
Q88,Religiosity,1.4077026251646354,1.4101719884980504,1.4133046722674831,-0.0024693633334149645
Q88,Subjective social class,1.4077026251646354,1.4043427405252487,1.4075336916629968,0.0033598846393867454
Q88,Employment status,1.4077026251646354,1.4063253964017204,1.4082617798444552,0.001377228762915017
Q88,Marital status,1.4077026251646354,1.4078211567954633,1.410645350313383,-0.00011853163082786722
Q89,Sex,1.4128935060284835,1.3983188378404008,1.4015108348511685,0.014574668188082729
Q89,Education (3-level),1.4128935060284835,1.4090644011376448,1.4142338323569186,0.0038291048908387637
Q89,Personal income (3-level),1.4128935060284835,1.4114002202710578,1.415189565448753,0.0014932857574256886
Q89,Religiosity,1.4128935060284835,1.4149284671422468,1.4186594898063463,-0.002034961113763334
Q89,Subjective social class,1.4128935060284835,1.4097833132331345,1.4134987126811809,0.003110192795348965
Q89,Employment status,1.4128935060284835,1.4103558479574319,1.4148599223185045,0.0025376580710516627
Q89,Marital status,1.4128935060284835,1.411758771242637,1.4138855585552097,0.0011347347858465806
Q90,Sex,2.0052853957091923,2.0002496911351906,2.0037016448369585,0.005035704574001709
Q90,Education (3-level),2.0052853957091923,2.0002931623464355,2.003650153382528,0.004992233362756782
Q90,Personal income (3-level),2.0052853957091923,2.0011708925052507,2.00364100233796,0.004114503203941577
Q90,Religiosity,2.0052853957091923,2.0033148240798235,2.006013703393962,0.001970571629368756
Q90,Subjective social class,2.0052853957091923,2.0050589376884376,2.008640623337235,0.00022645802075471622
Q90,Employment status,2.0052853957091923,2.0067644411442656,2.007927610306253,-0.0014790454350732674
Q90,Marital status,2.0052853957091923,2.0047785520624406,2.0081478929758805,0.0005068436467516868
Q91,Sex,1.0366077699471965,1.0267854494456503,1.0244268568772181,0.009822320501546189
Q91,Education (3-level),1.0366077699471965,1.0229615794596083,1.0244954539527251,0.013646190487588195
Q91,Personal income (3-level),1.0366077699471965,1.0384180678021635,1.036624138997624,-0.0018102978549670024
Q91,Religiosity,1.0366077699471965,1.0364766156099532,1.0346827468451703,0.00013115433724331105
Q91,Subjective social class,1.0366077699471965,1.0317449195588377,1.0296509044617046,0.004862850388358764
Q91,Employment status,1.0366077699471965,1.0349643348330058,1.0348413465007873,0.0016434351141907388
Q91,Marital status,1.0366077699471965,1.0348668578979199,1.03266986100502,0.0017409120492766217
Q92,Sex,1.0681019662370805,1.05741322279289,1.0664539273737097,0.010688743444190463
Q92,Education (3-level),1.0681019662370805,1.0582469978628921,1.0733485147462687,0.009854968374188422
Q92,Personal income (3-level),1.0681019662370805,1.0684293914783418,1.079180531213331,-0.00032742524126128103
Q92,Religiosity,1.0681019662370805,1.066903653783092,1.077722730765149,0.0011983124539884926
Q92,Subjective social class,1.0681019662370805,1.0626169524835567,1.072253319758319,0.0054850137535238375
Q92,Employment status,1.0681019662370805,1.067924585625103,1.07357895397734,0.00017738061197758448
Q92,Marital status,1.0681019662370805,1.0680094545694818,1.075807012969952,9.251166759871587e-05
Q93,Sex,0.37573546347068487,0.36957336994498097,0.37018437059936965,0.0061620935257039045
Q93,Education (3-level),0.37573546347068487,0.36061486829768824,0.36240064296761876,0.015120595172996631
Q93,Personal income (3-level),0.37573546347068487,0.3730705039623658,0.3738200675989036,0.002664959508319076
Q93,Religiosity,0.37573546347068487,0.37539707325371585,0.37610158775577107,0.00033839021696902005
Q93,Subjective social class,0.37573546347068487,0.37408847510210674,0.3746905824110053,0.0016469883685781284
Q93,Employment status,0.37573546347068487,0.3750043258454654,0.3759239546262596,0.0007311376252194801
Q93,Marital status,0.37573546347068487,0.37396494542172015,0.3742036570474939,0.0017705180489647199
Q94,Sex,0.8573954501699197,0.8575768494438462,0.8655292256296392,-0.0001813992739264636
Q94,Education (3-level),0.8573954501699197,0.8585518452607227,0.8649284275875722,-0.0011563950908030085
Q94,Personal income (3-level),0.8573954501699197,0.8596716110776171,0.8664276965543488,-0.0022761609076974443
Q94,Religiosity,0.8573954501699197,0.6177870953214646,0.6206649327516167,0.2396083548484551
Q94,Subjective social class,0.8573954501699197,0.8554617915572665,0.86303118002133,0.0019336586126531552
Q94,Employment status,0.8573954501699197,0.8572514377045835,0.8628232263834006,0.00014401246533624068
Q94,Marital status,0.8573954501699197,0.8551643888321727,0.8605296596370792,0.0022310613377469757
Q95,Sex,1.027173862345878,1.0196257752993643,1.0191578393869176,0.007548087046513663
Q95,Education (3-level),1.027173862345878,1.0243510839222219,1.0231648455294486,0.0028227784236560804
Q95,Personal income (3-level),1.027173862345878,1.025401542897196,1.024071923537417,0.001772319448681836
Q95,Religiosity,1.027173862345878,1.0288083083949169,1.0279785990791235,-0.0016344460490389512
Q95,Subjective social class,1.027173862345878,1.023713054079267,1.0230330590060566,0.003460808266610993
Q95,Employment status,1.027173862345878,1.026850053407688,1.0253771576381268,0.00032380893818984013
Q95,Marital status,1.027173862345878,1.0279646716799116,1.0274108154566366,-0.0007908093340336375
Q96,Sex,0.8263699853902372,0.8163078887092604,0.8166729490124413,0.010062096680976795
Q96,Education (3-level),0.8263699853902372,0.804106979163721,0.8062609336728599,0.022263006226516224
Q96,Personal income (3-level),0.8263699853902372,0.8277545607230969,0.8280485859263764,-0.0013845753328597388
Q96,Religiosity,0.8263699853902372,0.8263271499733003,0.8262486825893356,4.2835416936948256e-05
Q96,Subjective social class,0.8263699853902372,0.822821186064324,0.822499339526584,0.003548799325913232
Q96,Employment status,0.8263699853902372,0.8237860173284443,0.8219477728194423,0.0025839680617929517
Q96,Marital status,0.8263699853902372,0.827305779910024,0.8270054402387679,-0.000935794519786759
Q97,Sex,0.5272933867857527,0.5282480705303595,0.5367374878538191,-0.0009546837446068324
Q97,Education (3-level),0.5272933867857527,0.526452661917429,0.5343482057294556,0.0008407248683236501
Q97,Personal income (3-level),0.5272933867857527,0.5272294969841532,0.5361512441602094,6.388980159943713e-05
Q97,Religiosity,0.5272933867857527,0.5267052998132624,0.5356434433382653,0.0005880869724902427
Q97,Subjective social class,0.5272933867857527,0.5269916175749882,0.5357185660407617,0.0003017692107644132
Q97,Employment status,0.5272933867857527,0.5200666937426944,0.523016549626424,0.00722669304305823
Q97,Marital status,0.5272933867857527,0.5267713634390201,0.5353125740040843,0.0005220233467325697
Q98,Sex,0.4435144355101677,0.4428089450721557,0.45968135151592693,0.0007054904380120464
Q98,Education (3-level),0.4435144355101677,0.44261296252355464,0.45674886735479375,0.0009014729866130833
Q98,Personal income (3-level),0.4435144355101677,0.4451528899248536,0.46134615623334174,-0.0016384544146858526
Q98,Religiosity,0.4435144355101677,0.4384971622247182,0.45356461564937617,0.005017273285449542
Q98,Subjective social class,0.4435144355101677,0.44437191451331726,0.4609650743430799,-0.0008574790031495305
Q98,Employment status,0.4435144355101677,0.44346261679918814,0.45142444035670426,5.181871097958979e-05
Q98,Marital status,0.4435144355101677,0.44370811272940075,0.45835092221648754,-0.00019367721923302383
Q99,Sex,0.5869126282595073,0.5885737646561328,0.5865616617051024,-0.0016611363966254622
Q99,Education (3-level),0.5869126282595073,0.5833298340127836,0.5816161205091746,0.0035827942467236973
Q99,Personal income (3-level),0.5869126282595073,0.5885798543828071,0.5866207115215162,-0.0016672261232998364
Q99,Religiosity,0.5869126282595073,0.5873742953109222,0.585438658653973,-0.0004616670514149268
Q99,Subjective social class,0.5869126282595073,0.5893461298525376,0.5873171092285049,-0.0024335015930303516
Q99,Employment status,0.5869126282595073,0.5876447724319741,0.5857189527749966,-0.0007321441724668087
Q99,Marital status,0.5869126282595073,0.5869469627715952,0.5851942854539272,-3.433451208789684e-05
Q100,Sex,0.7909757886023886,0.7926726928439791,0.8013696639738832,-0.0016969042415905244
Q100,Education (3-level),0.7909757886023886,0.7445155838461102,0.7476780022648942,0.046460204756278434
Q100,Personal income (3-level),0.7909757886023886,0.7741861891131755,0.7774079588620101,0.016789599489213103
Q100,Religiosity,0.7909757886023886,0.789281558866014,0.7984875366624855,0.001694229736374564
Q100,Subjective social class,0.7909757886023886,0.7633931978435996,0.7734892435048377,0.027582590758788994
Q100,Employment status,0.7909757886023886,0.7742574378420153,0.7728283982741357,0.016718350760373313
Q100,Marital status,0.7909757886023886,0.7886417350292811,0.7984834767939504,0.002334053573107453
Q101,Sex,0.8629279532999374,0.8587443928944556,0.8612715019794651,0.004183560405481845
Q101,Education (3-level),0.8629279532999374,0.8571652902667838,0.8621672839334348,0.005762663033153648
Q101,Personal income (3-level),0.8629279532999374,0.8626558351848962,0.8653292702468305,0.00027211811504124217
Q101,Religiosity,0.8629279532999374,0.8498903810923194,0.8507036134227528,0.013037572207618031
Q101,Subjective social class,0.8629279532999374,0.8643229303309143,0.8664360843527591,-0.0013949770309769072
Q101,Employment status,0.8629279532999374,0.8638500610585569,0.8637761282412469,-0.0009221077586194504
Q101,Marital status,0.8629279532999374,0.861854938333581,0.8619819649271804,0.001073014966356478
Q102,Sex,0.32266158541454165,0.3231024770909227,0.32374056944961443,-0.0004408916763810611
Q102,Education (3-level),0.32266158541454165,0.3235046077766377,0.32408551376313016,-0.0008430223620960464
Q102,Personal income (3-level),0.32266158541454165,0.323946999419659,0.3245545247523826,-0.0012854140051173357
Q102,Religiosity,0.32266158541454165,0.3236740717784018,0.32434799315346574,-0.0010124863638601433
Q102,Subjective social class,0.32266158541454165,0.32363104722337926,0.32415012209560257,-0.0009694618088376128
Q102,Employment status,0.32266158541454165,0.323328087326283,0.3243088666924446,-0.0006665019117413351
Q102,Marital status,0.32266158541454165,0.3232901068357467,0.32385506015695154,-0.0006285214212050638
Q103,Sex,0.5171069360290174,0.5148466580238094,0.5162509741539077,0.002260278005208005
Q103,Education (3-level),0.5171069360290174,0.5152858631729246,0.5167604810582894,0.001821072856092787
Q103,Personal income (3-level),0.5171069360290174,0.5182530841554008,0.519123645476097,-0.0011461481263834727
Q103,Religiosity,0.5171069360290174,0.5165234677823729,0.5172421168097984,0.0005834682466444585
Q103,Subjective social class,0.5171069360290174,0.5181059744240294,0.519340308646913,-0.0009990383950120307
Q103,Employment status,0.5171069360290174,0.5146198145705727,0.5135399111236228,0.002487121458444652
Q103,Marital status,0.5171069360290174,0.5183466771959251,0.5193574237658314,-0.0012397411669077263
Q104,Sex,0.5368694175921243,0.47993734851884895,0.49114349761377196,0.056932069073275304
Q104,Education (3-level),0.5368694175921243,0.536942007855336,0.5458046719399565,-7.259026321171369e-05
Q104,Personal income (3-level),0.5368694175921243,0.5357889458768177,0.5448691504376257,0.0010804717153065635
Q104,Religiosity,0.5368694175921243,0.5294908844691018,0.5384207586134538,0.0073785331230225015
Q104,Subjective social class,0.5368694175921243,0.5351292013008573,0.5449780281010774,0.0017402162912669716
Q104,Employment status,0.5368694175921243,0.5260023568611982,0.5284830065567063,0.010867060730926026
Q104,Marital status,0.5368694175921243,0.5360098303887754,0.5437758210741835,0.0008595872033488883
Q105,Sex,0.7144779903730399,0.7154816324015298,0.722473928499144,-0.001003642028489904
Q105,Education (3-level),0.7144779903730399,0.7165728074638172,0.7235713234029995,-0.002094817090777301
Q105,Personal income (3-level),0.7144779903730399,0.7156131181342746,0.7218655931467703,-0.0011351277612347
Q105,Religiosity,0.7144779903730399,0.7130972181326384,0.7192853732036124,0.001380772240401562
Q105,Subjective social class,0.7144779903730399,0.7140402285218082,0.7208639606505343,0.00043776185123178823
Q105,Employment status,0.7144779903730399,0.7168292938574108,0.7200092180058332,-0.002351303484370848
Q105,Marital status,0.7144779903730399,0.7153665182539314,0.7205371551952487,-0.0008885278808914432
Q106,Sex,2.283542823667045,2.2730143730435968,2.271082805746714,0.010528450623448204
Q106,Education (3-level),2.283542823667045,2.2774067619105858,2.274966878263077,0.006136061756459199
Q106,Personal income (3-level),2.283542823667045,2.279503598282215,2.2772245178629102,0.004039225384830036
Q106,Religiosity,2.283542823667045,2.2866681444954478,2.28480430596784,-0.003125320828402778
Q106,Subjective social class,2.283542823667045,2.279141081802581,2.276949789655234,0.0044017418644641815
Q106,Employment status,2.283542823667045,2.2771088749603625,2.2744690713123386,0.0064339487066824574
Q106,Marital status,2.283542823667045,2.279559395090323,2.277714691346947,0.003983428576721959
Q107,Sex,2.1988461308742133,2.1920183003460134,2.1919156889745954,0.0068278305281999074
Q107,Education (3-level),2.1988461308742133,2.1946763602343395,2.1932288592720783,0.004169770639873782
Q107,Personal income (3-level),2.1988461308742133,2.198441075618606,2.1980358230123693,0.0004050552556074116
Q107,Religiosity,2.1988461308742133,2.195968307408545,2.195643749341268,0.002877823465668339
Q107,Subjective social class,2.1988461308742133,2.200126656005734,2.1999029262468563,-0.001280525131520882
Q107,Employment status,2.1988461308742133,2.198200325664003,2.1972530091605016,0.000645805210210515
Q107,Marital status,2.1988461308742133,2.199907329798924,2.199434581568493,-0.0010611989247104603
Q108,Sex,2.2774428440895376,2.277607438182464,2.2806419267977733,-0.00016459409292624017
Q108,Education (3-level),2.2774428440895376,2.273261251250952,2.275602606618755,0.004181592838585768
Q108,Personal income (3-level),2.2774428440895376,2.278163308918525,2.281233004138504,-0.000720464828987577
Q108,Religiosity,2.2774428440895376,2.2775136234252535,2.280459908309802,-7.077933571597583e-05
Q108,Subjective social class,2.2774428440895376,2.271706261657269,2.2748966589569157,0.005736582432268378
Q108,Employment status,2.2774428440895376,2.2751998100874427,2.2764643204948234,0.0022430340020949124
Q108,Marital status,2.2774428440895376,2.2733824437142442,2.2757688248150933,0.004060400375293316
Q109,Sex,1.9465948182660608,1.9405767129917042,1.944186610482174,0.006018105274356644
Q109,Education (3-level),1.9465948182660608,1.9352936255574924,1.9367185685767783,0.011301192708568442
Q109,Personal income (3-level),1.9465948182660608,1.9400148229550997,1.94275029668146,0.006579995310961095
Q109,Religiosity,1.9465948182660608,1.9471258970282155,1.9498806781039366,-0.0005310787621546353
Q109,Subjective social class,1.9465948182660608,1.9386080585021563,1.9421720946933487,0.007986759763904505
Q109,Employment status,1.9465948182660608,1.9430718379744316,1.9438849395480162,0.0035229802916292297
Q109,Marital status,1.9465948182660608,1.944791729479818,1.94711003513783,0.0018030887862428013
Q110,Sex,2.1771303256937133,2.170774507336273,2.175973304227785,0.006355818357440146
Q110,Education (3-level),2.1771303256937133,2.166017078847652,2.1690533903006273,0.011113246846061298
Q110,Personal income (3-level),2.1771303256937133,2.170159158506409,2.1745239731666652,0.006971167187304506
Q110,Religiosity,2.1771303256937133,2.177645937828443,2.182509017619281,-0.000515612134729615
Q110,Subjective social class,2.1771303256937133,2.1716085077897382,2.176751701677309,0.005521817903975101
Q110,Employment status,2.1771303256937133,2.1740318925101385,2.175243044780987,0.0030984331835748335
Q110,Marital status,2.1771303256937133,2.1781052421940896,2.1828185796905784,-0.0009749165003762883
Q111,Sex,0.9557209198823087,0.9415291277637479,0.9471615149384377,0.014191792118560809
Q111,Education (3-level),0.9557209198823087,0.9472512528712003,0.9504799710195009,0.008469667011108406
Q111,Personal income (3-level),0.9557209198823087,0.9571748828325293,0.9633382101332071,-0.0014539629502205997
Q111,Religiosity,0.9557209198823087,0.9576775635014366,0.9627050347790476,-0.0019566436191279513
Q111,Subjective social class,0.9557209198823087,0.9537241357912338,0.9599617472552889,0.0019967840910748436
Q111,Employment status,0.9557209198823087,0.9543584838027467,0.955670352561126,0.0013624360795619905
Q111,Marital status,0.9557209198823087,0.9527647354207733,0.9579967036290246,0.0029561844615353383
Q112,Sex,2.2548617480847937,2.246709204889325,2.2478484129029814,0.008152543195468542
Q112,Education (3-level),2.2548617480847937,2.2344330145513744,2.233435148555034,0.02042873353341923
Q112,Personal income (3-level),2.2548617480847937,2.248061858377825,2.24844172483144,0.006799889706968543
Q112,Religiosity,2.2548617480847937,2.2552190231823,2.2563796231314663,-0.00035727509750627107
Q112,Subjective social class,2.2548617480847937,2.2463932477452286,2.2474695230936677,0.008468500339565033
Q112,Employment status,2.2548617480847937,2.255603562408818,2.2553459848988218,-0.0007418143240243147
Q112,Marital status,2.2548617480847937,2.2544347539683995,2.2553201312456332,0.00042699411639413043
Q113,Sex,0.9539289341840039,0.9469580145004624,0.9476348304351877,0.0069709196835415765
Q113,Education (3-level),0.9539289341840039,0.9503629252801037,0.9517418154673661,0.003566008903900242
Q113,Personal income (3-level),0.9539289341840039,0.9433873705807347,0.9448768217215239,0.010541563603269188
Q113,Religiosity,0.9539289341840039,0.9543579987288787,0.9548874208655359,-0.00042906454487479095
Q113,Subjective social class,0.9539289341840039,0.9370260493296204,0.9371863934919158,0.016902884854383515
Q113,Employment status,0.9539289341840039,0.9482272660535251,0.9478160880790769,0.0057016681304787875
Q113,Marital status,0.9539289341840039,0.9524481773867404,0.9519386807913179,0.0014807567972635605
Q114,Sex,0.9274663759482588,0.9255004762932364,0.9274647972223272,0.001965899655022363
Q114,Education (3-level),0.9274663759482588,0.9254247267023722,0.9287602914896125,0.0020416492458865676
Q114,Personal income (3-level),0.9274663759482588,0.9139865262141207,0.9181170585061921,0.013479849734138072
Q114,Religiosity,0.9274663759482588,0.9253954975898815,0.928059372770085,0.0020708783583772705
Q114,Subjective social class,0.9274663759482588,0.9104672755665097,0.9121785479675875,0.01699910038174901
Q114,Employment status,0.9274663759482588,0.923719311063168,0.9260155691553054,0.0037470648850908006
Q114,Marital status,0.9274663759482588,0.9251904010853093,0.9255905941991388,0.0022759748629495036
Q115,Sex,0.9927315374499667,0.9897140330081949,0.9901516313247056,0.0030175044417717345
Q115,Education (3-level),0.9927315374499667,0.991214551105285,0.9917928775472161,0.00151698634468167
Q115,Personal income (3-level),0.9927315374499667,0.9857099859632884,0.9865394671827035,0.007021551486678268
Q115,Religiosity,0.9927315374499667,0.9940464299673918,0.9943700826364716,-0.0013148925174251147
Q115,Subjective social class,0.9927315374499667,0.9778804476826938,0.9782299945653392,0.014851089767272896
Q115,Employment status,0.9927315374499667,0.9877969896690905,0.9871795512748,0.004934547780876208
Q115,Marital status,0.9927315374499667,0.9902726254924575,0.989791735796359,0.0024589119575091356
Q116,Sex,0.9808283599909604,0.9761730478144066,0.9752837546604051,0.004655312176553794
Q116,Education (3-level),0.9808283599909604,0.9766778041978499,0.9767447202693524,0.004150555793110522
Q116,Personal income (3-level),0.9808283599909604,0.9738562101946879,0.9734590954292397,0.0069721497962724754
Q116,Religiosity,0.9808283599909604,0.9782617285525996,0.9774680264607254,0.002566631438360778
Q116,Subjective social class,0.9808283599909604,0.9696008229536608,0.968441885567753,0.011227537037299617
Q116,Employment status,0.9808283599909604,0.9790672889282568,0.977710128938073,0.001761071062703623
Q116,Marital status,0.9808283599909604,0.9771891095321269,0.9762891196104067,0.0036392504588335095
Q117,Sex,1.1266208972520626,1.1240377732216102,1.1216886550250815,0.002583124030452355
Q117,Education (3-level),1.1266208972520626,1.1255469453472182,1.1241590022265704,0.0010739519048443835
Q117,Personal income (3-level),1.1266208972520626,1.1255418181953358,1.1233876317743727,0.0010790790567267727
Q117,Religiosity,1.1266208972520626,1.1224676110977292,1.1205308748235532,0.004153286154333413
Q117,Subjective social class,1.1266208972520626,1.112963411768611,1.1103520524568924,0.013657485483451692
Q117,Employment status,1.1266208972520626,1.1234377087582728,1.1211808228990576,0.003183188493789846
Q117,Marital status,1.1266208972520626,1.1242907929192858,1.120868612311469,0.0023301043327768056
Q118,Sex,0.8152302365507296,0.8160340822936,0.8187872428551234,-0.0008038457428704016
Q118,Education (3-level),0.8152302365507296,0.814992044153912,0.8183407340607666,0.00023819239681754922
Q118,Personal income (3-level),0.8152302365507296,0.8153147014901503,0.8186264080913519,-8.44649394207142e-05
Q118,Religiosity,0.8152302365507296,0.8179339468758506,0.8204213113758945,-0.002703710325121067
Q118,Subjective social class,0.8152302365507296,0.8111071962801585,0.8137508922543095,0.004123040270571088
Q118,Employment status,0.8152302365507296,0.8163797689282027,0.8177048322126762,-0.0011495323774731725
Q118,Marital status,0.8152302365507296,0.8152788731456935,0.8170337187207197,-4.863659496390227e-05
Q119,Sex,1.3722119716134331,1.3689098861776148,1.3726225643679908,0.003302085435818336
Q119,Education (3-level),1.3722119716134331,1.3722098441811874,1.3772704626309091,2.12743224570211e-06
Q119,Personal income (3-level),1.3722119716134331,1.3733884058657484,1.377418228961708,-0.0011764342523152838
Q119,Religiosity,1.3722119716134331,1.3747439037641587,1.3786543278528023,-0.0025319321507255577
Q119,Subjective social class,1.3722119716134331,1.3706816367451904,1.374600707177811,0.001530334868242722
Q119,Employment status,1.3722119716134331,1.3708811679827215,1.36990247519159,0.0013308036307115856
Q119,Marital status,1.3722119716134331,1.3716904348554215,1.3756876175379376,0.000521536758011587
Q120,Sex,2.1787877800990088,2.180043219503238,2.1792510453572493,-0.0012554394042294525
Q120,Education (3-level),2.1787877800990088,2.162606182594805,2.1624011845643323,0.016181597504203893
Q120,Personal income (3-level),2.1787877800990088,2.17471660200298,2.173919462112925,0.004071178096028749
Q120,Religiosity,2.1787877800990088,2.1800219321854124,2.1790853581359544,-0.0012341520864036504
Q120,Subjective social class,2.1787877800990088,2.1764154183511133,2.1758680524772793,0.0023723617478954573
Q120,Employment status,2.1787877800990088,2.1807994591778552,2.1792906509355685,-0.0020116790788464733
Q120,Marital status,2.1787877800990088,2.1814959634051956,2.180822581793274,-0.002708183306186829
Q121,Sex,1.3040764525705222,1.30531803036201,1.3037930061260838,-0.0012415777914878134
Q121,Education (3-level),1.3040764525705222,1.2876565381576417,1.2873985518050666,0.016419914412880487
Q121,Personal income (3-level),1.3040764525705222,1.298093153482851,1.297962632311096,0.005983299087671146
Q121,Religiosity,1.3040764525705222,1.3068898354377054,1.3054771851305484,-0.002813382867183245
Q121,Subjective social class,1.3040764525705222,1.296877077913756,1.2949811201108368,0.007199374656766233
Q121,Employment status,1.3040764525705222,1.3021276574472769,1.3012083379360075,0.001948795123245306
Q121,Marital status,1.3040764525705222,1.3034718396105875,1.301747893045786,0.0006046129599346362
Q122,Sex,0.8982999209728041,0.8992791083731824,0.8970281647111088,-0.0009791874003782786
Q122,Education (3-level),0.8982999209728041,0.8901613326750603,0.8881582616368663,0.008138588297743832
Q122,Personal income (3-level),0.8982999209728041,0.8952907925841529,0.8930225952598354,0.0030091283886511944
Q122,Religiosity,0.8982999209728041,0.8988787267886658,0.8964697244576865,-0.0005788058158616716
Q122,Subjective social class,0.8982999209728041,0.8901442311260535,0.8879633113854757,0.008155689846750636
Q122,Employment status,0.8982999209728041,0.8977828413168029,0.8955575226575064,0.0005170796560012292
Q122,Marital status,0.8982999209728041,0.8956732850890707,0.8931005345054237,0.0026266358837333525
Q123,Sex,0.7394557854121508,0.7356689693478777,0.7443506172975471,0.003786816064273113
Q123,Education (3-level),0.7394557854121508,0.7143210520496324,0.7162728214806441,0.02513473336251848
Q123,Personal income (3-level),0.7394557854121508,0.7364139976507256,0.7416369084657206,0.003041787761425274
Q123,Religiosity,0.7394557854121508,0.7409343056941042,0.7494602802283701,-0.0014785202819533882
Q123,Subjective social class,0.7394557854121508,0.7360537622077962,0.7453027981645546,0.003402023204354676
Q123,Employment status,0.7394557854121508,0.7360838353824238,0.7402361056624999,0.003371950029727011
Q123,Marital status,0.7394557854121508,0.7377034845691077,0.7466929839040755,0.0017523008430431197
Q124,Sex,0.9913333675034444,0.9902663588251046,0.9871369053047406,0.0010670086783397537
Q124,Education (3-level),0.9913333675034444,0.9792671918797341,0.9753574839448962,0.012066175623710262
Q124,Personal income (3-level),0.9913333675034444,0.9886484000496927,0.9856434240252886,0.0026849674537516854
Q124,Religiosity,0.9913333675034444,0.9907527759187864,0.9876155960201454,0.0005805915846579524
Q124,Subjective social class,0.9913333675034444,0.9877157447600918,0.9847557019251834,0.003617622743352533
Q124,Employment status,0.9913333675034444,0.9875454770205654,0.9850083348722724,0.003787890482878975
Q124,Marital status,0.9913333675034444,0.9913301375543323,0.9881770222026756,3.229949112060204e-06
Q125,Sex,0.8882941796816712,0.8812569367570706,0.8839503496209223,0.007037242924600617
Q125,Education (3-level),0.8882941796816712,0.8729122148402675,0.8722381054969924,0.01538196484140375
Q125,Personal income (3-level),0.8882941796816712,0.8855263427200415,0.8866896561367055,0.002767836961629744
Q125,Religiosity,0.8882941796816712,0.8901130397028402,0.8929709721078082,-0.0018188600211689332
Q125,Subjective social class,0.8882941796816712,0.881162785721193,0.8841744556661666,0.007131393960478238
Q125,Employment status,0.8882941796816712,0.8907539549048534,0.8934600189502555,-0.0024597752231821923
Q125,Marital status,0.8882941796816712,0.8920742662389562,0.8953607466697818,-0.0037800865572850118
Q126,Sex,1.0737982901602088,1.0731507414615287,1.0753523699111405,0.0006475486986801116
Q126,Education (3-level),1.0737982901602088,1.0642749978475716,1.063239113826648,0.009523292312637155
Q126,Personal income (3-level),1.0737982901602088,1.0688389008996437,1.0698455796291537,0.00495938926056505
Q126,Religiosity,1.0737982901602088,1.0713565936170648,1.0724893452192332,0.0024416965431439674
Q126,Subjective social class,1.0737982901602088,1.065994781033782,1.068392300978769,0.0078035091264268
Q126,Employment status,1.0737982901602088,1.0725244899533393,1.0736252114026597,0.0012738002068695131
Q126,Marital status,1.0737982901602088,1.072515180100166,1.0739113140358993,0.0012831100600427803
Q127,Sex,0.5738374635727623,0.5741942962222583,0.5732953068548825,-0.00035683264949593063
Q127,Education (3-level),0.5738374635727623,0.5671458979643846,0.5654804839685951,0.006691565608377692
Q127,Personal income (3-level),0.5738374635727623,0.5746250911102315,0.5733025768016657,-0.0007876275374691932
Q127,Religiosity,0.5738374635727623,0.5757860691850689,0.5748354881485003,-0.0019486056123065865
Q127,Subjective social class,0.5738374635727623,0.5738145715736092,0.5727728871682347,2.289199915317397e-05
Q127,Employment status,0.5738374635727623,0.575639997829116,0.5745793112533191,-0.0018025342563536828
Q127,Marital status,0.5738374635727623,0.5714627495206003,0.5710181592432129,0.0023747140521620524
Q128,Sex,1.0546470657574332,1.0535412546520946,1.0522775030263884,0.0011058111053385833
Q128,Education (3-level),1.0546470657574332,1.0442731686317057,1.042626987724045,0.01037389712572745
Q128,Personal income (3-level),1.0546470657574332,1.0487206143577705,1.0472870702273118,0.0059264513996626356
Q128,Religiosity,1.0546470657574332,1.0507946570683067,1.0491721732808679,0.0038524086891265075
Q128,Subjective social class,1.0546470657574332,1.0517629534501283,1.0505228467524295,0.002884112307304898
Q128,Employment status,1.0546470657574332,1.0538677276367427,1.0521151065792433,0.0007793381206904204
Q128,Marital status,1.0546470657574332,1.0536191907083268,1.051953774788719,0.001027875049106397
Q129,Sex,1.0673491499486076,1.0652610212055547,1.0639831495748524,0.002088128743052975
Q129,Education (3-level),1.0673491499486076,1.0643039413252255,1.0633783922461022,0.0030452086233820896
Q129,Personal income (3-level),1.0673491499486076,1.0665002865688729,1.065631703137443,0.0008488633797347767
Q129,Religiosity,1.0673491499486076,1.0693822961628272,1.0677615574668875,-0.002033146214219572
Q129,Subjective social class,1.0673491499486076,1.0656069742309107,1.0641390512635263,0.0017421757176969699
Q129,Employment status,1.0673491499486076,1.0682206110287054,1.0673253455807532,-0.000871461080097724
Q129,Marital status,1.0673491499486076,1.068245746469309,1.066796038356763,-0.0008965965207012871
Q130,Sex,0.8922988803249486,0.8929305085580914,0.8935093481754084,-0.000631628233142778
Q130,Education (3-level),0.8922988803249486,0.8881130765972316,0.8887154286897807,0.004185803727717041
Q130,Personal income (3-level),0.8922988803249486,0.8952471766725327,0.8961638893163381,-0.0029482963475840895
Q130,Religiosity,0.8922988803249486,0.8943810395036481,0.89484130396618,-0.002082159178699472
Q130,Subjective social class,0.8922988803249486,0.8890624546177557,0.8896011921828716,0.003236425707192958
Q130,Employment status,0.8922988803249486,0.890207905320065,0.8914980207914102,0.002090975004883644
Q130,Marital status,0.8922988803249486,0.8912394730767078,0.8915956224879225,0.001059407248240829
Q131,Sex,0.9664389925070752,0.9678160079555337,0.9682865043936768,-0.001377015448458474
Q131,Education (3-level),0.9664389925070752,0.9566402703767295,0.9592154140107951,0.009798722130345716
Q131,Personal income (3-level),0.9664389925070752,0.9596845986819599,0.9626030089900647,0.006754393825115335
Q131,Religiosity,0.9664389925070752,0.9644081262566889,0.9657171965780647,0.0020308662503862873
Q131,Subjective social class,0.9664389925070752,0.9457105775821327,0.9458684583435572,0.020728414924942484
Q131,Employment status,0.9664389925070752,0.9660309298027558,0.9668762201831553,0.0004080627043193674
Q131,Marital status,0.9664389925070752,0.9650523251815647,0.9654464610737431,0.0013866673255105155
Q132,Sex,1.1770831541980826,1.1747576474304973,1.179794065533302,0.0023255067675853613
Q132,Education (3-level),1.1770831541980826,1.176931761949732,1.1828773098596352,0.0001513922483507013
Q132,Personal income (3-level),1.1770831541980826,1.1763374248898097,1.1829580739852266,0.00074572930827288
Q132,Religiosity,1.1770831541980826,1.177644171686624,1.1834655816582729,-0.0005610174885413155
Q132,Subjective social class,1.1770831541980826,1.1646470671987763,1.1696996049909978,0.012436086999306317
Q132,Employment status,1.1770831541980826,1.1738122034940397,1.1775741002823945,0.0032709507040429298
Q132,Marital status,1.1770831541980826,1.1736270945205614,1.1780441239141808,0.0034560596775212726
Q133,Sex,1.2396935012414878,1.237397464300503,1.2443374361354613,0.0022960369409847914
Q133,Education (3-level),1.2396935012414878,1.2338100828242253,1.2430263800878467,0.005883418417262476
Q133,Personal income (3-level),1.2396935012414878,1.2365884470107098,1.2457737449910218,0.003105054230778004
Q133,Religiosity,1.2396935012414878,1.2370644607074082,1.2446741050744994,0.0026290405340796408
Q133,Subjective social class,1.2396935012414878,1.234215677326166,1.2411352579376864,0.0054778239153217
Q133,Employment status,1.2396935012414878,1.2404470325268118,1.2451095343179661,-0.0007535312853239606
Q133,Marital status,1.2396935012414878,1.2412986836602715,1.24665792328419,-0.0016051824187837127
Q134,Sex,1.034613205192608,1.033855028500271,1.034073752370014,0.0007581766923370203
Q134,Education (3-level),1.034613205192608,1.032326043917044,1.034178749876674,0.0022871612755639426
Q134,Personal income (3-level),1.034613205192608,1.0306255641578894,1.0331852393992547,0.003987641034718603
Q134,Religiosity,1.034613205192608,1.0342489249519966,1.0350695550852194,0.0003642802406114143
Q134,Subjective social class,1.034613205192608,1.0257819231100336,1.0260402093795284,0.008831282082574443
Q134,Employment status,1.034613205192608,1.0336912011276016,1.0329426526479846,0.000922004065006421
Q134,Marital status,1.034613205192608,1.0314176516309073,1.0311803013456586,0.003195553561700759
Q135,Sex,1.2165172973143654,1.2145715953849066,1.2284657725711754,0.0019457019294588651
Q135,Education (3-level),1.2165172973143654,1.2199225243243619,1.2318759213664336,-0.0034052270099964588
Q135,Personal income (3-level),1.2165172973143654,1.2167861781734153,1.231857590027811,-0.00026888085904985815
Q135,Religiosity,1.2165172973143654,1.2203750837996972,1.2344611439293125,-0.003857786485331749
Q135,Subjective social class,1.2165172973143654,1.2140513905617671,1.228033399802637,0.002465906752598279
Q135,Employment status,1.2165172973143654,1.217226862726807,1.2285759214611003,-0.000709565412441604
Q135,Marital status,1.2165172973143654,1.2158237628903328,1.2275527376541084,0.000693534424032638
Q136,Sex,1.2687949502382327,1.2679124546652565,1.2680371814560911,0.0008824955729762607
Q136,Education (3-level),1.2687949502382327,1.266165567273904,1.2669908867708861,0.002629382964328686
Q136,Personal income (3-level),1.2687949502382327,1.2643222061549437,1.2658886507308023,0.004472744083289015
Q136,Religiosity,1.2687949502382327,1.270666523737598,1.2708988270248214,-0.0018715734993652866
Q136,Subjective social class,1.2687949502382327,1.256666839540717,1.2565475411464082,0.012128110697515737
Q136,Employment status,1.2687949502382327,1.2700509515976552,1.26921805873963,-0.0012560013594224984
Q136,Marital status,1.2687949502382327,1.26557213514138,1.2657016369071554,0.003222815096852738
Q137,Sex,1.006089654262545,1.0042059749256844,1.0042535742771288,0.001883679336860622
Q137,Education (3-level),1.006089654262545,1.0052045503690437,1.006480172493243,0.0008851038935013822
Q137,Personal income (3-level),1.006089654262545,1.000376619496983,1.0026319209809786,0.005713034765562064
Q137,Religiosity,1.006089654262545,1.0069526167523362,1.0071207769920405,-0.0008629624897911192
Q137,Subjective social class,1.006089654262545,0.9936438446421111,0.993640443328682,0.012445809620433956
Q137,Employment status,1.006089654262545,1.0060213273229686,1.0063131581844451,6.832693957647962e-05
Q137,Marital status,1.006089654262545,1.0020500783197883,1.0015451721113993,0.0040395759427567235
Q138,Sex,1.1055326821399836,1.107155986434837,1.1092540323162443,-0.001623304294853467
Q138,Education (3-level),1.1055326821399836,1.1080349442651658,1.110445934850631,-0.002502262125182231
Q138,Personal income (3-level),1.1055326821399836,1.1072436013713403,1.1107569369817332,-0.001710919231356689
Q138,Religiosity,1.1055326821399836,1.10964356827054,1.1115746511074387,-0.004110886130556324
Q138,Subjective social class,1.1055326821399836,1.1031040522523496,1.1051247361828618,0.0024286298876339263
Q138,Employment status,1.1055326821399836,1.1076051186477387,1.1086102329284453,-0.0020724365077551266
Q138,Marital status,1.1055326821399836,1.104055394505861,1.105098645235486,0.0014772876341224705
Q139,Sex,0.6846581585935267,0.6837904120077284,0.690603955643241,0.0008677465857983568
Q139,Education (3-level),0.6846581585935267,0.6815751576576339,0.686776148259455,0.0030830009358928656
Q139,Personal income (3-level),0.6846581585935267,0.6785560607018162,0.6819676942789445,0.006102097891710567
Q139,Religiosity,0.6846581585935267,0.6815636160085842,0.6873923084654947,0.0030945425849425723
Q139,Subjective social class,0.6846581585935267,0.6834575653738137,0.6902445680336319,0.0012005932197129976
Q139,Employment status,0.6846581585935267,0.6800124092278388,0.6810538851987147,0.004645749365687957
Q139,Marital status,0.6846581585935267,0.6835644658364274,0.6896186165690618,0.0010936927570993626
Q140,Sex,0.6549890876280762,0.6429742657494948,0.6428329923850647,0.012014821878581383
Q140,Education (3-level),0.6549890876280762,0.6485310196008374,0.6480016241445936,0.006458068027238806
Q140,Personal income (3-level),0.6549890876280762,0.6513565970400117,0.6501980024394317,0.0036324905880644742
Q140,Religiosity,0.6549890876280762,0.6456530955672513,0.6453626275951619,0.009335992060824916
Q140,Subjective social class,0.6549890876280762,0.6517185913148524,0.6515073630416477,0.0032704963132237364
Q140,Employment status,0.6549890876280762,0.648623184766892,0.6480275826338755,0.006365902861184214
Q140,Marital status,0.6549890876280762,0.6539279778010997,0.6533477434571386,0.0010611098269764918
Q141,Sex,0.13586566540415781,0.1351122335908233,0.13588748598637998,0.0007534318133345097
Q141,Education (3-level),0.13586566540415781,0.1361833063271443,0.13693709109243313,-0.00031764092298647295
Q141,Personal income (3-level),0.13586566540415781,0.13594998777923006,0.1367244676633368,-8.432237507224882e-05
Q141,Religiosity,0.13586566540415781,0.13592198465314306,0.13664928031689455,-5.6319248985248205e-05
Q141,Subjective social class,0.13586566540415781,0.1352925482973913,0.13602003730037449,0.0005731171067665242
Q141,Employment status,0.13586566540415781,0.13507917076723083,0.1356944758769992,0.0007864946369269821
Q141,Marital status,0.13586566540415781,0.13569126862712766,0.1363818496220473,0.00017439677703015577
Q142,Sex,1.264674352173381,1.2654623865996233,1.3536761614911164,-0.0007880344262423122
Q142,Education (3-level),1.264674352173381,1.2607898793966585,1.3432962457536746,0.0038844727767224363
Q142,Personal income (3-level),1.264674352173381,1.2606927672748793,1.3443675874327237,0.003981584898501644
Q142,Religiosity,1.264674352173381,1.2617800801602965,1.3491502584631796,0.0028942720130844535
Q142,Subjective social class,1.264674352173381,1.2547735609097728,1.3434384541801931,0.00990079126360821
Q142,Employment status,1.264674352173381,1.2453597660692597,1.2821299115439018,0.01931458610412129
Q142,Marital status,1.264674352173381,1.2591422313514669,1.3378623153158091,0.005532120821914122
Q143,Sex,1.3148694834434127,1.3156709814335568,1.3580801385004824,-0.0008014979901440622
Q143,Education (3-level),1.3148694834434127,1.3164273538931024,1.356921956397124,-0.0015578704496896911
Q143,Personal income (3-level),1.3148694834434127,1.3126383656340683,1.3522761580271592,0.002231117809344374
Q143,Religiosity,1.3148694834434127,1.3124878339593398,1.3549952358361124,0.002381649484072934
Q143,Subjective social class,1.3148694834434127,1.3058590602884503,1.3480431595262445,0.009010423154962366
Q143,Employment status,1.3148694834434127,1.3129385386777996,1.3389356992189172,0.001930944765613063
Q143,Marital status,1.3148694834434127,1.310025243616877,1.3490099837940823,0.00484423982653559
Q146,Sex,1.2886688422892907,1.2858914753546054,1.2912161511599884,0.0027773669346853325
Q146,Education (3-level),1.2886688422892907,1.2782750729488632,1.280662549185979,0.010393769340427461
Q146,Personal income (3-level),1.2886688422892907,1.2848467737876437,1.289716191902708,0.0038220685016470135
Q146,Religiosity,1.2886688422892907,1.285618458015552,1.2901886872707102,0.0030503842737386044
Q146,Subjective social class,1.2886688422892907,1.282571251065918,1.2883453340411104,0.0060975912233727225
Q146,Employment status,1.2886688422892907,1.285178611203544,1.2876538865199016,0.0034902310857467533
Q146,Marital status,1.2886688422892907,1.2917907397740427,1.2972024092791492,-0.003121897484752001
Q147,Sex,1.3606267665194625,1.3590466652609736,1.3578286772998251,0.0015801012584888419
Q147,Education (3-level),1.3606267665194625,1.3514977853495234,1.349121628223211,0.009128981169939099
Q147,Personal income (3-level),1.3606267665194625,1.35768194499941,1.3559331309871998,0.0029448215200524874
Q147,Religiosity,1.3606267665194625,1.3570541999651975,1.3554634267944046,0.0035725665542649665
Q147,Subjective social class,1.3606267665194625,1.3549215878042142,1.3537765827754857,0.005705178715248227
Q147,Employment status,1.3606267665194625,1.359322651981422,1.3570746272708212,0.0013041145380403574
Q147,Marital status,1.3606267665194625,1.3616409055171466,1.3605899822773313,-0.0010141389976840998
Q148,Sex,1.0883366324542343,1.082308076750279,1.0840279589666366,0.0060285557039552184
Q148,Education (3-level),1.0883366324542343,1.0734751240054836,1.0752276052816192,0.014861508448750671
Q148,Personal income (3-level),1.0883366324542343,1.078776833022139,1.0812543356302977,0.009559799432095284
Q148,Religiosity,1.0883366324542343,1.082435510020314,1.0844015713892237,0.0059011224339202695
Q148,Subjective social class,1.0883366324542343,1.0681616851517848,1.0704303404886168,0.02017494730244951
Q148,Employment status,1.0883366324542343,1.0862939511778271,1.0875365800034626,0.0020426812764071656
Q148,Marital status,1.0883366324542343,1.0861118004441264,1.0879505506251452,0.0022248320101079244
Q149,Sex,0.7787807506229762,0.7782346893151774,0.7799930471339,0.0005460613077988841
Q149,Education (3-level),0.7787807506229762,0.7784546780225217,0.7816158663647915,0.0003260726004545855
Q149,Personal income (3-level),0.7787807506229762,0.7773511917435103,0.7799702615094166,0.001429558879465942
Q149,Religiosity,0.7787807506229762,0.7762646862430934,0.7784405818989262,0.002516064379882832
Q149,Subjective social class,0.7787807506229762,0.7771295185294127,0.7788166730684709,0.0016512320935635483
Q149,Employment status,0.7787807506229762,0.77826306350445,0.7799528645508786,0.0005176871185262888
Q149,Marital status,0.7787807506229762,0.7786614089220507,0.7793243484315222,0.00011934170092553487
Q150,Sex,0.9147767114317682,0.91592569618734,0.9159653000305281,-0.0011489847555717914
Q150,Education (3-level),0.9147767114317682,0.9134886602101373,0.9128643981331404,0.0012880512216308926
Q150,Personal income (3-level),0.9147767114317682,0.9160457480161706,0.9159900061544499,-0.001269036584402361
Q150,Religiosity,0.9147767114317682,0.9143163091104807,0.9139035069035387,0.000460402321287523
Q150,Subjective social class,0.9147767114317682,0.9114792848195966,0.9113739288661256,0.0032974266121715834
Q150,Employment status,0.9147767114317682,0.9152144636971846,0.9142654010758049,-0.00043775226541642454
Q150,Marital status,0.9147767114317682,0.9148331383214442,0.9143694236468999,-5.642688967599785e-05
Q151,Sex,1.078989284240102,1.0636432642742228,1.065536643236825,0.015346019965879254
Q151,Education (3-level),1.078989284240102,1.0786121572750518,1.079372321344667,0.00037712696505032284
Q151,Personal income (3-level),1.078989284240102,1.081099905437251,1.0835764855229901,-0.0021106211971488875
Q151,Religiosity,1.078989284240102,1.0794116519185342,1.081655529937266,-0.00042236767843206735
Q151,Subjective social class,1.078989284240102,1.0760137094736646,1.0778355003958022,0.0029755747664375054
Q151,Employment status,1.078989284240102,1.0768452859445925,1.0793092953463348,0.002143998295509597
Q151,Marital status,1.078989284240102,1.0798259410628412,1.0825634110744677,-0.0008366568227391458
Q152,Sex,1.0556061102657803,1.0525854958790168,1.0690042963365929,0.003020614386763487
Q152,Education (3-level),1.0556061102657803,1.0547938831610624,1.0702246118309369,0.0008122271047179552
Q152,Personal income (3-level),1.0556061102657803,1.052218646132089,1.0695495276512301,0.003387464133691287
Q152,Religiosity,1.0556061102657803,1.0568706908315482,1.0728384552591472,-0.0012645805657678366
Q152,Subjective social class,1.0556061102657803,1.0497806770064648,1.0658739038518588,0.0058254332593155045
Q152,Employment status,1.0556061102657803,1.0522789864765085,1.067029721606724,0.003327123789271802
Q152,Marital status,1.0556061102657803,1.0499969267859277,1.0625609225186738,0.00560918347985262
Q153,Sex,1.56388051739014,1.5636584470128025,1.5713822555912262,0.00022207037733745771
Q153,Education (3-level),1.56388051739014,1.5576756093773996,1.5637349853405105,0.006204908012740429
Q153,Personal income (3-level),1.56388051739014,1.565665236050831,1.572778100923252,-0.0017847186606909649
Q153,Religiosity,1.56388051739014,1.5609088545549523,1.568378324212239,0.002971662835187683
Q153,Subjective social class,1.56388051739014,1.562358806847849,1.569648994980707,0.0015217105422911104
Q153,Employment status,1.56388051739014,1.5639933470330838,1.5702173789690457,-0.00011282964294379028
Q153,Marital status,1.56388051739014,1.5651458394375166,1.5713582871523728,-0.0012653220473766158
Q154,Sex,1.440307656806328,1.4357376034969258,1.44660616795038,0.004570053309402189
Q154,Education (3-level),1.440307656806328,1.4366687064277892,1.448418393988716,0.0036389503785387856
Q154,Personal income (3-level),1.440307656806328,1.4394064309232644,1.4529693225800049,0.0009012258830636277
Q154,Religiosity,1.440307656806328,1.445329798680292,1.4568732172853514,-0.005022141873963992
Q154,Subjective social class,1.440307656806328,1.4351901970271297,1.4462576448374405,0.005117459779198308
Q154,Employment status,1.440307656806328,1.4377673865424794,1.4454929704692983,0.0025402702638486208
Q154,Marital status,1.440307656806328,1.4356351574896657,1.4454198495646182,0.004672499316662249
Q155,Sex,1.5641191580413716,1.561383830932875,1.5660034304509716,0.0027353271084966657
Q155,Education (3-level),1.5641191580413716,1.5619861077641524,1.567349206873271,0.0021330502772192173
Q155,Personal income (3-level),1.5641191580413716,1.5602627605291972,1.5669073087673224,0.00385639751217437
Q155,Religiosity,1.5641191580413716,1.5643365579523267,1.5693190427232944,-0.00021739991095515165
Q155,Subjective social class,1.5641191580413716,1.5573754342806254,1.5624831626644524,0.0067437237607461675
Q155,Employment status,1.5641191580413716,1.5648287548113924,1.5686612418975963,-0.0007095967700208039
Q155,Marital status,1.5641191580413716,1.5663877026919237,1.571469492401438,-0.002268544650552151
Q156,Sex,1.0836819357764242,1.0857665154622151,1.0940273712392004,-0.0020845796857908994
Q156,Education (3-level),1.0836819357764242,1.0811422910051238,1.0872615037176365,0.00253964477130042
Q156,Personal income (3-level),1.0836819357764242,1.0857777445202639,1.0937619016800668,-0.0020958087438396333
Q156,Religiosity,1.0836819357764242,1.0841148171905481,1.0923843642725977,-0.0004328814141238979
Q156,Subjective social class,1.0836819357764242,1.0818344176443522,1.0904616734240795,0.001847518132072068
Q156,Employment status,1.0836819357764242,1.0823579231820895,1.089832915307961,0.0013240125943347891
Q156,Marital status,1.0836819357764242,1.0814103568365665,1.0862965563031806,0.0022715789398577435
Q157,Sex,1.3882385506085522,1.387545764030053,1.3985264878228987,0.0006927865784991383
Q157,Education (3-level),1.3882385506085522,1.3765790980359036,1.384406928607992,0.011659452572648554
Q157,Personal income (3-level),1.3882385506085522,1.3864084884802383,1.3971980715130308,0.0018300621283138252
Q157,Religiosity,1.3882385506085522,1.3849792572699748,1.3954866479080776,0.0032592933385773293
Q157,Subjective social class,1.3882385506085522,1.3918138092360692,1.4036710297188217,-0.003575258627517064
Q157,Employment status,1.3882385506085522,1.3869761046356701,1.3961977735621618,0.0012624459728820536
Q157,Marital status,1.3882385506085522,1.388523813597756,1.3983359576126535,-0.0002852629892038383
Q158,Sex,2.0122555851773964,2.0094139263877215,2.011473330415167,0.0028416587896749057
Q158,Education (3-level),2.0122555851773964,2.0050011351272436,2.0080719048004356,0.007254450050152794
Q158,Personal income (3-level),2.0122555851773964,2.0118138256334084,2.0130050460588276,0.00044175954398806283
Q158,Religiosity,2.0122555851773964,2.0125719293237827,2.014837689056273,-0.0003163441463862604
Q158,Subjective social class,2.0122555851773964,2.0056800793748177,2.0076854021370876,0.006575505802578707
Q158,Employment status,2.0122555851773964,2.010168295639107,2.010169840981681,0.002087289538289294
Q158,Marital status,2.0122555851773964,2.0121977951066077,2.0134623030469907,5.7790070788765746e-05
Q159,Sex,2.0909618838027133,2.094072628615435,2.094361327134533,-0.0031107448127216664
Q159,Education (3-level),2.0909618838027133,2.0897734716843304,2.090159502000166,0.0011884121183829421
Q159,Personal income (3-level),2.0909618838027133,2.09119663307351,2.0915393683325334,-0.00023474927079680796
Q159,Religiosity,2.0909618838027133,2.0924926650600826,2.092532253043903,-0.0015307812573692736
Q159,Subjective social class,2.0909618838027133,2.0913524912761736,2.0916433664046488,-0.00039060747346031377
Q159,Employment status,2.0909618838027133,2.090743282001884,2.090043708423915,0.00021860180082944325
Q159,Marital status,2.0909618838027133,2.0916316783410958,2.091439387346946,-0.0006697945383824511
Q160,Sex,2.1170198875430715,2.113438538250859,2.1230423888943393,0.0035813492922125434
Q160,Education (3-level),2.1170198875430715,2.112723243746923,2.1196666806290456,0.004296643796148469
Q160,Personal income (3-level),2.1170198875430715,2.113765207860758,2.1215928331854017,0.0032546796823136326
Q160,Religiosity,2.1170198875430715,2.0367010772287757,2.042947550743916,0.08031881031429577
Q160,Subjective social class,2.1170198875430715,2.1091140202759253,2.118914256193088,0.00790586726714615
Q160,Employment status,2.1170198875430715,2.1180927069559825,2.125830355816178,-0.0010728194129110413
Q160,Marital status,2.1170198875430715,2.114907303628761,2.122836168010233,0.002112583914310573
Q161,Sex,2.1268644692090395,2.1254025755537285,2.127027037897269,0.0014618936553110196
Q161,Education (3-level),2.1268644692090395,2.1129317938087624,2.114532259393072,0.013932675400277095
Q161,Personal income (3-level),2.1268644692090395,2.125038304830907,2.1271435518723765,0.0018261643781323222
Q161,Religiosity,2.1268644692090395,2.102769481690955,2.104012121379029,0.024094987518084476
Q161,Subjective social class,2.1268644692090395,2.1182999952494437,2.1203394682680323,0.008564473959595809
Q161,Employment status,2.1268644692090395,2.1270666335343713,2.128693968735873,-0.00020216432533182171
Q161,Marital status,2.1268644692090395,2.1289247330689895,2.1303728747330823,-0.0020602638599500622
Q162,Sex,2.1680775249743194,2.1695734261682924,2.1729223154155446,-0.001495901193973026
Q162,Education (3-level),2.1680775249743194,2.148024186041444,2.150431388872543,0.02005333893287542
Q162,Personal income (3-level),2.1680775249743194,2.169828825927903,2.173381362751488,-0.0017513009535834456
Q162,Religiosity,2.1680775249743194,2.159038291041623,2.16182894939364,0.009039233932696344
Q162,Subjective social class,2.1680775249743194,2.168203410550478,2.1717238897077897,-0.0001258855761587796
Q162,Employment status,2.1680775249743194,2.1695445218480405,2.1727955525084237,-0.0014669968737210937
Q162,Marital status,2.1680775249743194,2.17065371294834,2.1738361103500687,-0.002576187974020705
Q163,Sex,1.9174351789431199,1.9148918359867768,1.9156000007164375,0.0025433429563430643
Q163,Education (3-level),1.9174351789431199,1.9066918565247626,1.908239695256673,0.010743322418357293
Q163,Personal income (3-level),1.9174351789431199,1.9123446528162436,1.9133719695775349,0.005090526126876327
Q163,Religiosity,1.9174351789431199,1.9135859757995732,1.9144396418498908,0.0038492031435466423
Q163,Subjective social class,1.9174351789431199,1.9117650863420075,1.9128088183110326,0.0056700926011123975
Q163,Employment status,1.9174351789431199,1.915466023479008,1.917311662931755,0.0019691554641119158
Q163,Marital status,1.9174351789431199,1.9200703228734617,1.9207878157707956,-0.00263514393034181
Q164,Sex,2.0312192744821447,2.0252504458191645,2.033164354710772,0.005968828662980208
Q164,Education (3-level),2.0312192744821447,2.0343651277315646,2.040050738891242,-0.003145853249419961
Q164,Personal income (3-level),2.0312192744821447,2.0284614087040547,2.03554980249117,0.0027578657780900073
Q164,Religiosity,2.0312192744821447,1.7612444232192916,1.7651715982061789,0.26997485126285303
Q164,Subjective social class,2.0312192744821447,2.0295694931681183,2.0369713801355993,0.0016497813140263773
Q164,Employment status,2.0312192744821447,2.0278025555438304,2.0323595128828194,0.0034167189383143004
Q164,Marital status,2.0312192744821447,2.024775285107039,2.030201951546483,0.006443989375105819
Q165,Sex,1.0205014476032566,1.0162856833622138,1.025876999755638,0.004215764241042752
Q165,Education (3-level),1.0205014476032566,1.0189541314963215,1.0248239404402122,0.0015473161069350372
Q165,Personal income (3-level),1.0205014476032566,1.0233255200355114,1.0309361284400747,-0.0028240724322547983
Q165,Religiosity,1.0205014476032566,0.8156290257564354,0.8190690275054294,0.2048724218468212
Q165,Subjective social class,1.0205014476032566,1.0184744422551155,1.027551800363633,0.002027005348141042
Q165,Employment status,1.0205014476032566,1.0175420117247218,1.0246268867909005,0.002959435878534755
Q165,Marital status,1.0205014476032566,1.0194249620576,1.0254529442976943,0.001076485545656647
Q166,Sex,1.069262779606231,1.0563033423419221,1.0550232016616874,0.012959437264308926
Q166,Education (3-level),1.069262779606231,1.0689142063207582,1.0691328998855798,0.00034857328547288624
Q166,Personal income (3-level),1.069262779606231,1.0647002708253144,1.0649475993431108,0.004562508780916685
Q166,Religiosity,1.069262779606231,0.9619350571612791,0.9652410873720999,0.10732772244495192
Q166,Subjective social class,1.069262779606231,1.068425832197208,1.0673155348424532,0.00083694740902307
Q166,Employment status,1.069262779606231,1.069803027365157,1.067928622241505,-0.0005402477589260268
Q166,Marital status,1.069262779606231,1.0656884792557775,1.0644367690738474,0.0035743003504535853
Q167,Sex,0.928198213013728,0.9265153655342904,0.9243284064340281,0.001682847479437588
Q167,Education (3-level),0.928198213013728,0.9252375325980757,0.9224021060218094,0.002960680415652228
Q167,Personal income (3-level),0.928198213013728,0.9310227079575786,0.9292862358978408,-0.0028244949438506195
Q167,Religiosity,0.928198213013728,0.7993537586764548,0.7989997417156589,0.1288444543372732
Q167,Subjective social class,0.928198213013728,0.9284435719083802,0.9260400784500163,-0.00024535889465227
Q167,Employment status,0.928198213013728,0.9286892536820666,0.926809931549502,-0.0004910406683386048
Q167,Marital status,0.928198213013728,0.9290444005607987,0.9264943489875093,-0.0008461875470707758
Q168,Sex,1.0377860418368896,1.029364319206206,1.030036787411322,0.008421722630683526
Q168,Education (3-level),1.0377860418368896,1.031892310164545,1.030376622296744,0.005893731672344638
Q168,Personal income (3-level),1.0377860418368896,1.0379513012696104,1.0378562881522975,-0.00016525943272083232
Q168,Religiosity,1.0377860418368896,0.8554593136001399,0.8551776017609567,0.18232672823674967
Q168,Subjective social class,1.0377860418368896,1.0370140947218434,1.0373806519562954,0.0007719471150462454
Q168,Employment status,1.0377860418368896,1.0362219721223636,1.0371614737062171,0.0015640697145260507
Q168,Marital status,1.0377860418368896,1.0381126274963017,1.0378181261658181,-0.00032658565941212636
Q169,Sex,1.1576692256033954,1.157347559367875,1.1667969137796597,0.0003216662355203237
Q169,Education (3-level),1.1576692256033954,1.1438558943484212,1.1477808628486008,0.013813331254974193
Q169,Personal income (3-level),1.1576692256033954,1.154651888249123,1.160561892747396,0.0030173373542723425
Q169,Religiosity,1.1576692256033954,1.0268891501809523,1.0313209567041597,0.13078007542244308
Q169,Subjective social class,1.1576692256033954,1.1534355880915081,1.1630581941388347,0.004233637511887212
Q169,Employment status,1.1576692256033954,1.1578210176402073,1.1643030954965459,-0.00015179203681192632
Q169,Marital status,1.1576692256033954,1.157440110482126,1.1640748827512888,0.0002291151212694409
Q170,Sex,1.13896803970642,1.1413532157977453,1.1445705516804003,-0.0023851760913253806
Q170,Education (3-level),1.13896803970642,1.1261851930423517,1.1255056685242186,0.01278284666406826
Q170,Personal income (3-level),1.13896803970642,1.1390229896213635,1.1408355526899414,-5.494991494359169e-05
Q170,Religiosity,1.13896803970642,1.0788679341094052,1.0798014245420497,0.06010010559701473
Q170,Subjective social class,1.13896803970642,1.1345027671784127,1.1382629633934076,0.004465272528007214
Q170,Employment status,1.13896803970642,1.136408206643968,1.137937298732009,0.0025598330624518884
Q170,Marital status,1.13896803970642,1.1395400292935853,1.1411456632574353,-0.0005719895871654224
Q171,Sex,1.3370259898204562,1.3335754800643285,1.3365622094659724,0.0034505097561277065
Q171,Education (3-level),1.3370259898204562,1.336869664611643,1.3392281269852138,0.00015632520881325718
Q171,Personal income (3-level),1.3370259898204562,1.3363682340726823,1.3389917273039662,0.000657755747773825
Q171,Religiosity,1.3370259898204562,1.1331702174286833,1.1326734994733558,0.20385577239177288
Q171,Subjective social class,1.3370259898204562,1.3356300437850375,1.3383131161381914,0.0013959460354187048
Q171,Employment status,1.3370259898204562,1.3378633594605354,1.3394475114132538,-0.0008373696400791886
Q171,Marital status,1.3370259898204562,1.334568004357991,1.3352936768988122,0.0024579854624651176
Q172,Sex,1.5477688109077097,1.5389353207650076,1.540528235367685,0.008833490142702072
Q172,Education (3-level),1.5477688109077097,1.543899141694264,1.5440864224473967,0.00386966921344567
Q172,Personal income (3-level),1.5477688109077097,1.5495214654261313,1.5502715509921967,-0.001752654518421659
Q172,Religiosity,1.5477688109077097,1.3035199471669225,1.3030135083047982,0.24424886374078714
Q172,Subjective social class,1.5477688109077097,1.5463448412418024,1.5476231810592682,0.0014239696659072987
Q172,Employment status,1.5477688109077097,1.5484828426831605,1.5489372531572299,-0.0007140317754508185
Q172,Marital status,1.5477688109077097,1.545272421740402,1.5455675606190167,0.0024963891673077665
Q173,Sex,1.1549854718420947,1.1463347410868705,1.1580003954983618,0.008650730755224156
Q173,Education (3-level),1.1549854718420947,1.1565535394037965,1.1678487367210084,-0.0015680675617018025
Q173,Personal income (3-level),1.1549854718420947,1.1559999549724922,1.1666457804139587,-0.0010144831303975366
Q173,Religiosity,1.1549854718420947,0.9732723024445147,0.9793766968573194,0.18171316939757998
Q173,Subjective social class,1.1549854718420947,1.1572845839606472,1.1686306163239695,-0.002299112118552493
Q173,Employment status,1.1549854718420947,1.1539871516978744,1.1640902354521196,0.0009983201442202994
Q173,Marital status,1.1549854718420947,1.1517973192667386,1.159593121841111,0.0031881525753560958
Q174,Sex,0.5580509226996062,0.5581411270404801,0.5689482572356244,-9.020434087392282e-05
Q174,Education (3-level),0.5580509226996062,0.557436938948267,0.5658966030341603,0.0006139837513392532
Q174,Personal income (3-level),0.5580509226996062,0.555784617421297,0.5637006733295312,0.0022663052783091775
Q174,Religiosity,0.5580509226996062,0.5407783308836904,0.5486142743878515,0.017272591815915783
Q174,Subjective social class,0.5580509226996062,0.5581557294606141,0.5688577838799865,-0.00010480676100788067
Q174,Employment status,0.5580509226996062,0.5575900416426672,0.5634905391687031,0.00046088105693897763
Q174,Marital status,0.5580509226996062,0.559666533701756,0.5697198272776223,-0.0016156110021497971
Q175,Sex,0.5088380542083207,0.5086678572804155,0.5101101992670198,0.00017019692790520846
Q175,Education (3-level),0.5088380542083207,0.5089409057041967,0.5099869656261407,-0.00010285149587596631
Q175,Personal income (3-level),0.5088380542083207,0.5094215177441581,0.5108795048321844,-0.0005834635358373808
Q175,Religiosity,0.5088380542083207,0.5027331540498798,0.5038761376950642,0.006104900158440896
Q175,Subjective social class,0.5088380542083207,0.5098482298580393,0.511146956104952,-0.0010101756497186143
Q175,Employment status,0.5088380542083207,0.5096806692325652,0.5109977264993575,-0.0008426150242444308
Q175,Marital status,0.5088380542083207,0.5086327239742279,0.5098690039432401,0.00020533023409285978
Q176,Sex,2.2143547720201613,2.2174121748907205,2.2173869764517877,-0.0030574028705592227
Q176,Education (3-level),2.2143547720201613,2.2029173147212564,2.2035346660590616,0.011437457298904885
Q176,Personal income (3-level),2.2143547720201613,2.209989679077046,2.2101633747990324,0.004365092943115378
Q176,Religiosity,2.2143547720201613,2.209911301817474,2.2100643466252805,0.004443470202687205
Q176,Subjective social class,2.2143547720201613,2.2065091932804926,2.206584344455377,0.007845578739668735
Q176,Employment status,2.2143547720201613,2.2159165773180303,2.2149272788517176,-0.001561805297868979
Q176,Marital status,2.2143547720201613,2.2158325994649415,2.215220540622874,-0.0014778274447801998
Q177,Sex,1.256524255672106,1.2584153450140423,1.2818760971995968,-0.0018910893419363806
Q177,Education (3-level),1.256524255672106,1.2559564810671369,1.2753581883888825,0.0005677746049690402
Q177,Personal income (3-level),1.256524255672106,1.2562515872987845,1.2773502702455777,0.00027266837332140526
Q177,Religiosity,1.256524255672106,1.2587774699363936,1.2817102669952036,-0.002253214264287706
Q177,Subjective social class,1.256524255672106,1.2519816219668587,1.2757903346225616,0.004542633705247212
Q177,Employment status,1.256524255672106,1.2561801410061508,1.2717737903002089,0.00034411466595507534
Q177,Marital status,1.256524255672106,1.2569959973742126,1.27704863365363,-0.0004717417021067316
Q178,Sex,1.3807642066454753,1.3809223639776211,1.416747134889952,-0.00015815733214585848
Q178,Education (3-level),1.3807642066454753,1.3756855609787018,1.4040744393111804,0.005078645666773518
Q178,Personal income (3-level),1.3807642066454753,1.382968819612883,1.4157778061178479,-0.002204612967407815
Q178,Religiosity,1.3807642066454753,1.378837098342545,1.4122079902474023,0.0019271083029301916
Q178,Subjective social class,1.3807642066454753,1.3788621750623828,1.414803591798163,0.001902031583092434
Q178,Employment status,1.3807642066454753,1.3825236109847636,1.4065021669554774,-0.0017594043392883396
Q178,Marital status,1.3807642066454753,1.3810870173078504,1.4114425336461465,-0.00032281066237516143
Q179,Sex,0.5592252166106105,0.5614599443486974,0.5711517688170465,-0.0022347277380868613
Q179,Education (3-level),0.5592252166106105,0.5546059662411562,0.5609611631520642,0.00461925036945432
Q179,Personal income (3-level),0.5592252166106105,0.5569863641725111,0.5645854866522388,0.0022388524380994035
Q179,Religiosity,0.5592252166106105,0.5591983345079552,0.5681490117010675,2.6882102655334528e-05
Q179,Subjective social class,0.5592252166106105,0.5566427128987356,0.566467602577065,0.0025825037118749616
Q179,Employment status,0.5592252166106105,0.5603352183204338,0.5682827718128742,-0.0011100017098232273
Q179,Marital status,0.5592252166106105,0.5597898348988299,0.5681851507073302,-0.0005646182882194095
Q180,Sex,1.0526983366861826,1.0497797188383502,1.0536877106656108,0.0029186178478324276
Q180,Education (3-level),1.0526983366861826,1.0471801193166481,1.0480820350793258,0.005518217369534506
Q180,Personal income (3-level),1.0526983366861826,1.0510311157109065,1.052265975381996,0.0016672209752761624
Q180,Religiosity,1.0526983366861826,1.0489534013940238,1.0519139894326348,0.003744935292158802
Q180,Subjective social class,1.0526983366861826,1.0517657510853304,1.055465863618619,0.0009325856008521871
Q180,Employment status,1.0526983366861826,1.0491500048287272,1.0485673578429613,0.0035483318574554
Q180,Marital status,1.0526983366861826,1.0543844162315616,1.0573842164851273,-0.0016860795453790267
Q181,Sex,0.630840685349549,0.6294989750622152,0.6396138790664705,0.0013417102873337639
Q181,Education (3-level),0.630840685349549,0.6299587526697927,0.6385484361270791,0.0008819326797562255
Q181,Personal income (3-level),0.630840685349549,0.6318059252094614,0.6420088574121449,-0.0009652398599124812
Q181,Religiosity,0.630840685349549,0.6313411405678224,0.6414545462001003,-0.0005004552182734656
Q181,Subjective social class,0.630840685349549,0.6313289147617541,0.6415371619357234,-0.0004882294122051656
Q181,Employment status,0.630840685349549,0.6325289175708747,0.6414010909582555,-0.0016882322213257472
Q181,Marital status,0.630840685349549,0.6310120602596245,0.6397302925619022,-0.00017137491007557237
Q182,Sex,1.8501154425887116,1.8400823731204436,1.894845484028178,0.010033069468267986
Q182,Education (3-level),1.8501154425887116,1.8357318949665609,1.8765259643577497,0.014383547622150772
Q182,Personal income (3-level),1.8501154425887116,1.8430350166587135,1.8873738895937788,0.007080425929998135
Q182,Religiosity,1.8501154425887116,1.803438716352733,1.8503424087537372,0.04667672623597863
Q182,Subjective social class,1.8501154425887116,1.8426810973056043,1.8989641217995348,0.00743434528310738
Q182,Employment status,1.8501154425887116,1.8463995137827112,1.8827042380668686,0.003715928806000468
Q182,Marital status,1.8501154425887116,1.852017731896139,1.9017617158942113,-0.0019022893074274183
Q183,Sex,2.2819455578126897,2.274339749009221,2.28906202203352,0.007605808803468506
Q183,Education (3-level),2.2819455578126897,2.2711571077712467,2.280485677752118,0.01078845004144302
Q183,Personal income (3-level),2.2819455578126897,2.281649428090584,2.2925780106516713,0.00029612972210557587
Q183,Religiosity,2.2819455578126897,2.2309486133669583,2.2405454551696855,0.05099694444573144
Q183,Subjective social class,2.2819455578126897,2.2803787096585144,2.294599063324001,0.0015668481541752932
Q183,Employment status,2.2819455578126897,2.2760530929493332,2.279462561438362,0.0058924648633564836
Q183,Marital status,2.2819455578126897,2.2826351580276123,2.294352127018978,-0.0006896002149225922
Q184,Sex,2.2018023519202616,2.2025979885077582,2.210454278447295,-0.0007956365874965954
Q184,Education (3-level),2.2018023519202616,2.1953389921266555,2.2012304746923266,0.006463359793606127
Q184,Personal income (3-level),2.2018023519202616,2.199416425565677,2.2064204716359406,0.0023859263545844556
Q184,Religiosity,2.2018023519202616,2.1334557751515577,2.1383877354554772,0.06834657676870393
Q184,Subjective social class,2.2018023519202616,2.1987765749329666,2.2070496857016755,0.0030257769872950036
Q184,Employment status,2.2018023519202616,2.202377739291719,2.2061008673806284,-0.0005753873714575697
Q184,Marital status,2.2018023519202616,2.1977394083578066,2.204183830669671,0.004062943562455068
Q185,Sex,1.9537501246153497,1.9518596296386832,1.9597458907696275,0.0018904949766664902
Q185,Education (3-level),1.9537501246153497,1.9527145164064876,1.9589132656503856,0.00103560820886206
Q185,Personal income (3-level),1.9537501246153497,1.9497828819986425,1.9554165663940342,0.003967242616707223
Q185,Religiosity,1.9537501246153497,1.9033238872325815,1.9090416830419676,0.05042623738276819
Q185,Subjective social class,1.9537501246153497,1.952015596895756,1.9601417124702958,0.0017345277195937037
Q185,Employment status,1.9537501246153497,1.9539847484343653,1.9572438724844101,-0.00023462381901562246
Q185,Marital status,1.9537501246153497,1.9491700942821697,1.9560393045625222,0.004580030333179996
Q186,Sex,1.8325637451391614,1.8297921698108919,1.8601075383187826,0.0027715753282695488
Q186,Education (3-level),1.8325637451391614,1.8217409113994265,1.843473572481925,0.010822833739734916
Q186,Personal income (3-level),1.8325637451391614,1.8252560469752868,1.848178970047364,0.007307698163874665
Q186,Religiosity,1.8325637451391614,1.732125136986252,1.7555808821373187,0.10043860815290939
Q186,Subjective social class,1.8325637451391614,1.8247861434544437,1.8556489478683158,0.00777760168471775
Q186,Employment status,1.8325637451391614,1.834320249556659,1.8505725024008104,-0.0017565044174976396
Q186,Marital status,1.8325637451391614,1.831034829784763,1.8564633122749163,0.0015289153543984746
Q187,Sex,2.0386620888756495,2.0377737799072477,2.0425164164145952,0.000888308968401752
Q187,Education (3-level),2.0386620888756495,2.0342795168656522,2.0362501981002175,0.004382572009997254
Q187,Personal income (3-level),2.0386620888756495,2.039736543641149,2.0435951401620445,-0.0010744547654994996
Q187,Religiosity,2.0386620888756495,2.0185560741993753,2.021620010101013,0.020106014676274153
Q187,Subjective social class,2.0386620888756495,2.030779206207516,2.0352547117884128,0.00788288266813364
Q187,Employment status,2.0386620888756495,2.0404026390288714,2.044503025947543,-0.0017405501532219425
Q187,Marital status,2.0386620888756495,2.041692973374653,2.0457481860309072,-0.003030884499003683
Q188,Sex,2.1365368313189834,2.135577695597821,2.1409067998577926,0.0009591357211622409
Q188,Education (3-level),2.1365368313189834,2.130371930856024,2.1346047973245277,0.006164900462959366
Q188,Personal income (3-level),2.1365368313189834,2.1365105350578437,2.140609326024286,2.6296261139702182e-05
Q188,Religiosity,2.1365368313189834,2.0735452708261364,2.0759338056525314,0.06299156049284704
Q188,Subjective social class,2.1365368313189834,2.1326919258701733,2.1379213471092573,0.0038449054488101098
Q188,Employment status,2.1365368313189834,2.135084139368587,2.1364862278382177,0.0014526919503965452
Q188,Marital status,2.1365368313189834,2.1308775169822702,2.1352594029120375,0.005659314336713184
Q189,Sex,0.17120975612916411,0.16880525357229223,0.1683859679281059,0.0024045025568718847
Q189,Education (3-level),0.17120975612916411,0.17088350144318726,0.1704577685137943,0.0003262546859768567
Q189,Personal income (3-level),0.17120975612916411,0.1712443716916901,0.1708243449698243,-3.4615562525985855e-05
Q189,Religiosity,0.17120975612916411,0.1714712708165797,0.17104454089276205,-0.00026151468741558714
Q189,Subjective social class,0.17120975612916411,0.17123397429258563,0.17083649698484243,-2.4218163421518835e-05
Q189,Employment status,0.17120975612916411,0.1716019850837975,0.17125401577596203,-0.0003922289546333946
Q189,Marital status,0.17120975612916411,0.1705298775691678,0.1701040288652713,0.000679878559996322
Q190,Sex,0.5732620040159522,0.5637740496914228,0.5625212043341873,0.009487954324529424
Q190,Education (3-level),0.5732620040159522,0.5718604757912991,0.5710737947002709,0.0014015282246531147
Q190,Personal income (3-level),0.5732620040159522,0.5742278025731794,0.5730535326956445,-0.0009657985572272265
Q190,Religiosity,0.5732620040159522,0.5739863443696441,0.5728461045707702,-0.0007243403536919546
Q190,Subjective social class,0.5732620040159522,0.5745013313763268,0.5733197906549958,-0.0012393273603745758
Q190,Employment status,0.5732620040159522,0.5715355533930009,0.5701372635268491,0.0017264506229512921
Q190,Marital status,0.5732620040159522,0.5740871402819542,0.5729016314808718,-0.0008251362660020023
Q191,Sex,0.9844750414538842,0.9658520285261349,0.9777861205765364,0.01862301292774926
Q191,Education (3-level),0.9844750414538842,0.9834932205020278,0.9910600069416786,0.0009818209518563936
Q191,Personal income (3-level),0.9844750414538842,0.9857867844484579,0.9953707012026834,-0.0013117429945737058
Q191,Religiosity,0.9844750414538842,0.9822243716783567,0.9920227414431061,0.0022506697755274585
Q191,Subjective social class,0.9844750414538842,0.9825283290868082,0.9933362440534512,0.0019467123670759978
Q191,Employment status,0.9844750414538842,0.985320110934048,0.9930405062109937,-0.0008450694801638292
Q191,Marital status,0.9844750414538842,0.9867501348826405,0.996085294299994,-0.002275093428756314
Q192,Sex,0.3355846065105407,0.33222087263433525,0.33043994422944917,0.0033637338762054214
Q192,Education (3-level),0.3355846065105407,0.3358968758324868,0.33406482169168344,-0.00031226932194611257
Q192,Personal income (3-level),0.3355846065105407,0.3350782252571075,0.3334186556948594,0.0005063812534331635
Q192,Religiosity,0.3355846065105407,0.3360484661677706,0.33422216921824016,-0.00046385965722994804
Q192,Subjective social class,0.3355846065105407,0.33351901006689877,0.331726739387405,0.002065596443641904
Q192,Employment status,0.3355846065105407,0.3368316476537413,0.33536025365746175,-0.0012470411432006223
Q192,Marital status,0.3355846065105407,0.3364581269614722,0.3346627062407944,-0.0008735204509315309
Q193,Sex,2.219856494263958,2.2106820380808223,2.2645442958792277,0.009174456183135504
Q193,Education (3-level),2.219856494263958,2.2191006178351427,2.26639383655725,0.0007558764288151387
Q193,Personal income (3-level),2.219856494263958,2.221243516969763,2.2684542012574314,-0.001387022705805041
Q193,Religiosity,2.219856494263958,2.1493092026284106,2.1953503309177327,0.07054729163554718
Q193,Subjective social class,2.219856494263958,2.212900910582506,2.265969366540628,0.00695558368145166
Q193,Employment status,2.219856494263958,2.2133202652587682,2.248710513514671,0.0065362290051895755
Q193,Marital status,2.219856494263958,2.2179889310209884,2.2639281773207114,0.0018675632429694389
Q194,Sex,1.1783557034874987,1.174916903820875,1.1801170525719065,0.0034387996666236376
Q194,Education (3-level),1.1783557034874987,1.1758481977415343,1.1789537700780601,0.002507505745964478
Q194,Personal income (3-level),1.1783557034874987,1.17695932647907,1.180675454239791,0.0013963770084286509
Q194,Religiosity,1.1783557034874987,1.1770094910540072,1.1811881543559721,0.0013462124334915337
Q194,Subjective social class,1.1783557034874987,1.1771197516749887,1.1824148384220003,0.0012359518125100166
Q194,Employment status,1.1783557034874987,1.1796493001169228,1.1821703220147384,-0.0012935966294240764
Q194,Marital status,1.1783557034874987,1.1755255641712368,1.1777613037192993,0.0028301393162619704
Q195,Sex,2.1859274989885127,2.181842043697111,2.181533186192998,0.004085455291401807
Q195,Education (3-level),2.1859274989885127,2.1772818223298773,2.1773457070963067,0.00864567665863536
Q195,Personal income (3-level),2.1859274989885127,2.1817852737316508,2.1819076895434826,0.00414222525686192
Q195,Religiosity,2.1859274989885127,2.184700476402815,2.1835381009422483,0.0012270225856978456
Q195,Subjective social class,2.1859274989885127,2.178535000290226,2.1778762220345955,0.007392498698286509
Q195,Employment status,2.1859274989885127,2.1837712121742077,2.1832209890090537,0.0021562868143050196
Q195,Marital status,2.1859274989885127,2.1866806766572733,2.1852235262135538,-0.0007531776687605962
Q196,Sex,1.1653419086920724,1.1661516746253835,1.1654062219104107,-0.0008097659333110574
Q196,Education (3-level),1.1653419086920724,1.1650097860242385,1.1647176621615845,0.00033212266783388955
Q196,Personal income (3-level),1.1653419086920724,1.162910079793195,1.1630615172162242,0.002431828898877386
Q196,Religiosity,1.1653419086920724,1.1675273425271615,1.1668059392491654,-0.002185433835089068
Q196,Subjective social class,1.1653419086920724,1.1630334940489024,1.162233226703563,0.002308414643169998
Q196,Employment status,1.1653419086920724,1.1671085555376561,1.165840790457273,-0.001766646845583697
Q196,Marital status,1.1653419086920724,1.161943267636083,1.1601222844843826,0.0033986410559894153
Q197,Sex,1.2259866338433576,1.224755741911069,1.224957000297684,0.0012308919322885359
Q197,Education (3-level),1.2259866338433576,1.2270348117457124,1.2270239123423083,-0.0010481779023547855
Q197,Personal income (3-level),1.2259866338433576,1.2273259754031245,1.2276084212345617,-0.0013393415597668934
Q197,Religiosity,1.2259866338433576,1.2267399947179625,1.2269845608061636,-0.0007533608746048692
Q197,Subjective social class,1.2259866338433576,1.227631921507775,1.2278973963614799,-0.0016452876644172942
Q197,Employment status,1.2259866338433576,1.226634124718663,1.228176644224633,-0.0006474908753053565
Q197,Marital status,1.2259866338433576,1.2256971975603375,1.2248796701055404,0.00028943628302013913
Q198,Sex,1.3078076564071512,1.304445889386654,1.3047335207098316,0.003361767020497286
Q198,Education (3-level),1.3078076564071512,1.3098986546280453,1.309160871385731,-0.0020909982208940914
Q198,Personal income (3-level),1.3078076564071512,1.306406274603871,1.3066115513589096,0.0014013818032803105
Q198,Religiosity,1.3078076564071512,1.3107815747291407,1.3104629153508742,-0.002973918321989455
Q198,Subjective social class,1.3078076564071512,1.3097173159566406,1.3097056297310077,-0.0019096595494894064
Q198,Employment status,1.3078076564071512,1.3040164167261996,1.301732381224104,0.0037912396809516302
Q198,Marital status,1.3078076564071512,1.3065500168341309,1.3062004850593794,0.001257639573020386
Q199,Sex,1.1694102250068896,1.1579183601733551,1.1668053100812936,0.011491864833534482
Q199,Education (3-level),1.1694102250068896,1.1634331063068182,1.1758056406224626,0.005977118700071449
Q199,Personal income (3-level),1.1694102250068896,1.166260666950365,1.176358389249261,0.003149558056524615
Q199,Religiosity,1.1694102250068896,1.1655332772166906,1.1741253373088245,0.0038769477901989813
Q199,Subjective social class,1.1694102250068896,1.165285560434062,1.1749592680464978,0.004124664572827674
Q199,Employment status,1.1694102250068896,1.1719033820992577,1.1784189549649313,-0.0024931570923680813
Q199,Marital status,1.1694102250068896,1.1710258541932403,1.1800712963731816,-0.00161562918635072
Q200,Sex,0.829312127340126,0.8278134592956992,0.8297471259686253,0.0014986680444268874
Q200,Education (3-level),0.829312127340126,0.8157747939626626,0.8193821427015683,0.013537333377463434
Q200,Personal income (3-level),0.829312127340126,0.8301773123652371,0.8327181464659008,-0.0008651850251110149
Q200,Religiosity,0.829312127340126,0.8304899440796214,0.8324690240931515,-0.001177816739495352
Q200,Subjective social class,0.829312127340126,0.8235405926704857,0.825318715509716,0.00577153466964031
Q200,Employment status,0.829312127340126,0.832256587703055,0.8345694463941935,-0.0029444603629289468
Q200,Marital status,0.829312127340126,0.8286788235278226,0.8304961318176691,0.0006333038123034207
Q201,Sex,1.4358374296203624,1.4367755519061063,1.4786729786187311,-0.0009381222857438587
Q201,Education (3-level),1.4358374296203624,1.4358747864219614,1.4745562661644682,-3.735680159899779e-05
Q201,Personal income (3-level),1.4358374296203624,1.4374701879768284,1.4821163486437976,-0.0016327583564659243
Q201,Religiosity,1.4358374296203624,1.43727156403646,1.4780858180972436,-0.0014341344160975211
Q201,Subjective social class,1.4358374296203624,1.4316136322076338,1.4729397008207274,0.004223797412728603
Q201,Employment status,1.4358374296203624,1.4360052509143473,1.466417177246274,-0.0001678212939848489
Q201,Marital status,1.4358374296203624,1.4336209729722134,1.469951740149932,0.0022164566481490677
Q202,Sex,0.9702013009465021,0.9705926217235316,1.0524181680229012,-0.0003913207770294136
Q202,Education (3-level),0.9702013009465021,0.9617695383301926,1.0285257537564059,0.008431762616309513
Q202,Personal income (3-level),0.9702013009465021,0.9686148119260635,1.041502656383404,0.001586489020438675
Q202,Religiosity,0.9702013009465021,0.9657491637411001,1.0437668871790007,0.004452137205402051
Q202,Subjective social class,0.9702013009465021,0.9692394778265665,1.0507524680794071,0.0009618231199356453
Q202,Employment status,0.9702013009465021,0.9682599523100622,1.027564091676923,0.0019413486364399102
Q202,Marital status,0.9702013009465021,0.9685892443214319,1.0400228503914069,0.0016120566250702462
Q203,Sex,1.208547147899574,1.2099110934750574,1.2206582413164215,-0.0013639455754834717
Q203,Education (3-level),1.208547147899574,1.2084991128901181,1.218661869984952,4.803500945582684e-05
Q203,Personal income (3-level),1.208547147899574,1.2086137609577563,1.2193383126406268,-6.661305818234098e-05
Q203,Religiosity,1.208547147899574,1.2086528631666646,1.2200445039825916,-0.00010571526709068912
Q203,Subjective social class,1.208547147899574,1.2126941561397957,1.2237056580917516,-0.004147008240221739
Q203,Employment status,1.208547147899574,1.2012118187159389,1.2122995681394275,0.007335329183635109
Q203,Marital status,1.208547147899574,1.208411360129973,1.216170879833262,0.00013578776960088135
Q204,Sex,1.1441601064419382,1.1438631395937218,1.2005969578630231,0.00029696684821645114
Q204,Education (3-level),1.1441601064419382,1.1388429562854483,1.1850277493723194,0.005317150156489925
Q204,Personal income (3-level),1.1441601064419382,1.1399845431403195,1.1848341006341798,0.004175563301618723
Q204,Religiosity,1.1441601064419382,1.1421087535628505,1.198592653131153,0.0020513528790877533
Q204,Subjective social class,1.1441601064419382,1.1452089707122612,1.202355530520223,-0.0010488642703230244
Q204,Employment status,1.1441601064419382,1.1354822925410202,1.1598481256472268,0.008677813900918041
Q204,Marital status,1.1441601064419382,1.1350832886667366,1.186854079360301,0.00907681777520164
Q205,Sex,1.4410022970821332,1.4367445070322709,1.4394990443141558,0.0042577900498623755
Q205,Education (3-level),1.4410022970821332,1.4320902006530867,1.4336317037412196,0.008912096429046557
Q205,Personal income (3-level),1.4410022970821332,1.4405830098356867,1.4421581886964085,0.0004192872464465758
Q205,Religiosity,1.4410022970821332,1.4436603577615184,1.4462270357438212,-0.0026580606793851214
Q205,Subjective social class,1.4410022970821332,1.4400307243966086,1.4424216768669273,0.0009715726855246132
Q205,Employment status,1.4410022970821332,1.433148656482476,1.4328548546304165,0.007853640599657208
Q205,Marital status,1.4410022970821332,1.4357650147979133,1.4380979554222173,0.005237282284219935
Q206,Sex,1.03934716968027,1.0411830700844844,1.0829821249369531,-0.00183590040421433
Q206,Education (3-level),1.03934716968027,1.0163129563583158,1.0459686756260567,0.023034213321954322
Q206,Personal income (3-level),1.03934716968027,1.0286981447886345,1.0609833512854296,0.01064902489163555
Q206,Religiosity,1.03934716968027,1.0405603663046548,1.0804767297029247,-0.0012131966243846826
Q206,Subjective social class,1.03934716968027,1.02985651506899,1.0725508001499606,0.00949065461128007
Q206,Employment status,1.03934716968027,1.036869428287713,1.0593978139993796,0.0024777413925571867
Q206,Marital status,1.03934716968027,1.0343473431133243,1.0727460966102866,0.004999826566945753
Q207,Sex,1.2304154885288214,1.222974347172721,1.2934273063760642,0.007441141356100411
Q207,Education (3-level),1.2304154885288214,1.2294800743980345,1.2968267761998118,0.0009354141307869046
Q207,Personal income (3-level),1.2304154885288214,1.23035248599486,1.2928522140917948,6.300253396140931e-05
Q207,Religiosity,1.2304154885288214,1.233441311185786,1.303702251584964,-0.003025822656964605
Q207,Subjective social class,1.2304154885288214,1.231101384240517,1.301391842080323,-0.0006858957116955278
Q207,Employment status,1.2304154885288214,1.226969676681392,1.2708816823108688,0.0034458118474294253
Q207,Marital status,1.2304154885288214,1.2323407114286975,1.2983824062537928,-0.0019252228998760668
Q208,Sex,1.1394547144041112,1.1378393751288551,1.1509954526095787,0.0016153392752560336
Q208,Education (3-level),1.1394547144041112,1.1414652673809988,1.1525603921754333,-0.0020105529768876806
Q208,Personal income (3-level),1.1394547144041112,1.1368048557304158,1.1461114349579502,0.002649858673695382
Q208,Religiosity,1.1394547144041112,1.1410010246145643,1.154472193533552,-0.00154631021045315
Q208,Subjective social class,1.1394547144041112,1.1401949507137865,1.1538306756536405,-0.0007402363096753461
Q208,Employment status,1.1394547144041112,1.1203098045079734,1.1216961556367155,0.01914490989613782
Q208,Marital status,1.1394547144041112,1.1394012279803731,1.1530118197999026,5.348642373803614e-05
Q209,Sex,0.6246356678302972,0.6225719632211678,0.6266884397773367,0.002063704609129413
Q209,Education (3-level),0.6246356678302972,0.6199078115839175,0.6223296573628296,0.004727856246379725
Q209,Personal income (3-level),0.6246356678302972,0.6231072095546687,0.6262944713929882,0.0015284582756285303
Q209,Religiosity,0.6246356678302972,0.6244766620731754,0.6290975510918988,0.00015900575712179954
Q209,Subjective social class,0.6246356678302972,0.6176503966759384,0.6229482003577411,0.006985271154358874
Q209,Employment status,0.6246356678302972,0.6240405136420856,0.6287632902291914,0.0005951541882116551
Q209,Marital status,0.6246356678302972,0.6223512539840006,0.6262756015381732,0.002284413846296629
Q210,Sex,1.2342651341420157,1.2275584199347185,1.2318805403774733,0.006706714207297182
Q210,Education (3-level),1.2342651341420157,1.2250479337953497,1.2263706631965585,0.009217200346665955
Q210,Personal income (3-level),1.2342651341420157,1.2338089600133482,1.2362636038355763,0.00045617412866749696
Q210,Religiosity,1.2342651341420157,1.2327058454941695,1.23623558069293,0.0015592886478461576
Q210,Subjective social class,1.2342651341420157,1.2287441545611428,1.2329778344960134,0.005520979580872831
Q210,Employment status,1.2342651341420157,1.2310209082725572,1.2310351228958425,0.0032442258694584947
Q210,Marital status,1.2342651341420157,1.2333120317999968,1.2355495474012808,0.0009531023420188411
Q211,Sex,1.2275389459049095,1.2270082026707958,1.2370489460945369,0.0005307432341137286
Q211,Education (3-level),1.2275389459049095,1.2133597555507134,1.2188631242678434,0.014179190354196125
Q211,Personal income (3-level),1.2275389459049095,1.2285152780485458,1.2370103924062796,-0.0009763321436362382
Q211,Religiosity,1.2275389459049095,1.227015879179194,1.2370448106320784,0.0005230667257154487
Q211,Subjective social class,1.2275389459049095,1.229853351980881,1.2401815089069632,-0.0023144060759714424
Q211,Employment status,1.2275389459049095,1.2268211041171757,1.2305561445728324,0.0007178417877338195
Q211,Marital status,1.2275389459049095,1.2297195788152666,1.2378026907104356,-0.002180632910357083
Q212,Sex,1.2403588693359313,1.2412787466178625,1.2769619069909883,-0.000919877281931214
Q212,Education (3-level),1.2403588693359313,1.2289314225144323,1.2582858299416375,0.011427446821498988
Q212,Personal income (3-level),1.2403588693359313,1.2408576219449583,1.2735994246738211,-0.0004987526090269867
Q212,Religiosity,1.2403588693359313,1.2414529233315252,1.2755939555933584,-0.0010940539955939244
Q212,Subjective social class,1.2403588693359313,1.2358514783928132,1.270967775353982,0.004507390943118139
Q212,Employment status,1.2403588693359313,1.2384254311782186,1.2587377198540795,0.0019334381577127413
Q212,Marital status,1.2403588693359313,1.2379284436581175,1.2658451772474624,0.002430425677813819
Q213,Sex,1.1378077121270684,1.1369921645410461,1.1499437652895748,0.0008155475860223138
Q213,Education (3-level),1.1378077121270684,1.1285019718558738,1.13709566200504,0.009305740271194685
Q213,Personal income (3-level),1.1378077121270684,1.1310691986179893,1.1401900458811913,0.006738513509079169
Q213,Religiosity,1.1378077121270684,1.1398365249877063,1.1530102644100628,-0.0020288128606378297
Q213,Subjective social class,1.1378077121270684,1.138176359187209,1.1518253011420145,-0.0003686470601405034
Q213,Employment status,1.1378077121270684,1.1355868735560557,1.142665827671609,0.00222083857101274
Q213,Marital status,1.1378077121270684,1.1378952583746993,1.1484192158904585,-8.754624763085417e-05
Q214,Sex,1.1287301124475602,1.1309193041730672,1.1320905156440173,-0.0021891917255070226
Q214,Education (3-level),1.1287301124475602,1.1107518452337815,1.1136331595700484,0.01797826721377871
Q214,Personal income (3-level),1.1287301124475602,1.1247408327544954,1.1262523470901697,0.003989279693064729
Q214,Religiosity,1.1287301124475602,1.126950004519451,1.1276751430021104,0.0017801079281092314
Q214,Subjective social class,1.1287301124475602,1.129509383446866,1.13062564343452,-0.0007792709993057478
Q214,Employment status,1.1287301124475602,1.1312668937136066,1.1324880783172806,-0.002536781266046395
Q214,Marital status,1.1287301124475602,1.126480565632329,1.1282073109737092,0.0022495468152312625
Q215,Sex,1.2380991541259003,1.2377955695575877,1.2434841311693516,0.00030358456831258707
Q215,Education (3-level),1.2380991541259003,1.221023470724449,1.222432464002784,0.01707568340145138
Q215,Personal income (3-level),1.2380991541259003,1.237055786082546,1.2411131746698092,0.0010433680433543646
Q215,Religiosity,1.2380991541259003,1.2400350868107357,1.245963212777736,-0.0019359326848353842
Q215,Subjective social class,1.2380991541259003,1.2358116652978233,1.2415918920317748,0.0022874888280770556
Q215,Employment status,1.2380991541259003,1.2393962672956131,1.2416617967423567,-0.0012971131697128158
Q215,Marital status,1.2380991541259003,1.2380710497821072,1.2418574353142886,2.8104343793078357e-05
Q216,Sex,0.8970912461029789,0.8980940289108004,0.9050573804339196,-0.0010027828078215117
Q216,Education (3-level),0.8970912461029789,0.8883220882696449,0.8924204031214324,0.008769157833333985
Q216,Personal income (3-level),0.8970912461029789,0.8952713228941412,0.9000913734446898,0.001819923208837615
Q216,Religiosity,0.8970912461029789,0.8977900599543325,0.9049551885875176,-0.0006988138513536191
Q216,Subjective social class,0.8970912461029789,0.8998668215092239,0.9072257118829915,-0.0027755754062450677
Q216,Employment status,0.8970912461029789,0.8990941003726025,0.9026437352550936,-0.002002854269623655
Q216,Marital status,0.8970912461029789,0.8988929377131575,0.905830649791957,-0.001801691610178624
Q217,Sex,1.0314318868376737,1.032518378449746,1.0501969409870262,-0.0010864916120723045
Q217,Education (3-level),1.0314318868376737,0.9906598253084127,0.9966914803647112,0.04077206152926105
Q217,Personal income (3-level),1.0314318868376737,1.0185666681910261,1.029783532314974,0.01286521864664758
Q217,Religiosity,1.0314318868376737,1.0313022613599934,1.04746362911,0.0001296254776803618
Q217,Subjective social class,1.0314318868376737,1.0214820459650629,1.0396820550198786,0.00994984087261086
Q217,Employment status,1.0314318868376737,1.0328485244116061,1.0416632048524541,-0.0014166375739324
Q217,Marital status,1.0314318868376737,1.0298840382258545,1.0433995494031805,0.0015478486118192247
Q218,Sex,1.007264464806075,1.0067892379226389,1.0713159463419664,0.0004752268834360418
Q218,Education (3-level),1.007264464806075,0.9829597234331293,1.0300925432225938,0.024304741372945582
Q218,Personal income (3-level),1.007264464806075,0.9941461184074123,1.0463679078256116,0.013118346398662606
Q218,Religiosity,1.007264464806075,1.005183664382511,1.066317016033508,0.0020808004235639554
Q218,Subjective social class,1.007264464806075,1.0038531265514774,1.0692883264085113,0.0034113382545974957
Q218,Employment status,1.007264464806075,1.0015205716275402,1.0372629387618315,0.0057438931785347425
Q218,Marital status,1.007264464806075,1.0059758476004852,1.06112007318043,0.0012886172055897038
Q219,Sex,0.9928961865884796,0.992376462272459,1.0201851025882385,0.0005197243160205423
Q219,Education (3-level),0.9928961865884796,0.9787743922572965,0.9964513363811089,0.014121794331183102
Q219,Personal income (3-level),0.9928961865884796,0.9933685806418493,1.0173475860152004,-0.00047239405336974016
Q219,Religiosity,0.9928961865884796,0.9932701161727554,1.0197143983986672,-0.000373929584275845
Q219,Subjective social class,0.9928961865884796,0.9941878566301249,1.022004242336187,-0.0012916700416453208
Q219,Employment status,0.9928961865884796,0.9908239765771951,1.0044581806895132,0.0020722100112844366
Q219,Marital status,0.9928961865884796,0.992606106295758,1.0148219741856033,0.0002900802927215951
Q220,Sex,0.6883239505304657,0.6863090554957729,0.6982644756425175,0.002014895034692765
Q220,Education (3-level),0.6883239505304657,0.6762873962324891,0.6819566929373708,0.012036554297976565
Q220,Personal income (3-level),0.6883239505304657,0.6902822858101355,0.701394604306748,-0.0019583352796698206
Q220,Religiosity,0.6883239505304657,0.6910738845340075,0.7029852198865,-0.002749934003541843
Q220,Subjective social class,0.6883239505304657,0.6898165355677125,0.7016979044731547,-0.0014925850372468075
Q220,Employment status,0.6883239505304657,0.6868726605395744,0.6953090755026534,0.0014512899908912802
Q220,Marital status,0.6883239505304657,0.6842816935496298,0.6909889048657549,0.004042256980835934
Q221,Sex,0.8031633479276931,0.8018791172520189,0.8254268823450378,0.0012842306756741806
Q221,Education (3-level),0.8031633479276931,0.8017907188056874,0.8243521697340483,0.001372629122005642
Q221,Personal income (3-level),0.8031633479276931,0.805463154349383,0.8272860781345164,-0.0022998064216899206
Q221,Religiosity,0.8031633479276931,0.8022086915800329,0.8247958375133925,0.0009546563476601211
Q221,Subjective social class,0.8031633479276931,0.8049177623498865,0.8281398629749888,-0.0017544144221934843
Q221,Employment status,0.8031633479276931,0.8045774967643075,0.8182519913200247,-0.0014141488366143928
Q221,Marital status,0.8031633479276931,0.799658083920916,0.816988896279455,0.003505264006777087
Q222,Sex,0.42484379397845873,0.425099384445367,0.43039175668353435,-0.00025559046690826204
Q222,Education (3-level),0.42484379397845873,0.42406869261715385,0.43025028133113913,0.0007751013613048752
Q222,Personal income (3-level),0.42484379397845873,0.42366528117490876,0.4304216295276676,0.0011785128035499692
Q222,Religiosity,0.42484379397845873,0.4250026585917944,0.4305647963533087,-0.00015886461333569635
Q222,Subjective social class,0.42484379397845873,0.4206534469137462,0.4259440601091698,0.004190347064712552
Q222,Employment status,0.42484379397845873,0.42523302419316716,0.4284085975468413,-0.0003892302147084359
Q222,Marital status,0.42484379397845873,0.41907424933131254,0.42324134263924834,0.005769544647146185
Q223,Sex,1.4120184314809239,1.406159601046465,1.4177352014751603,0.005858830434458895
Q223,Education (3-level),1.4120184314809239,1.40821436466441,1.4185073511482347,0.003804066816513796
Q223,Personal income (3-level),1.4120184314809239,1.4055050469572552,1.4184542672142193,0.006513384523668675
Q223,Religiosity,1.4120184314809239,1.4136426719334094,1.4250332177602998,-0.001624240452485548
Q223,Subjective social class,1.4120184314809239,1.3944246616520377,1.4064146343805712,0.017593769828886163
Q223,Employment status,1.4120184314809239,1.4091132427984285,1.419615281945601,0.002905188682495341
Q223,Marital status,1.4120184314809239,1.3973820219383275,1.4070427625405242,0.014636409542596374
Q224,Sex,0.7286721122361681,0.7273658003638309,0.7340475869770342,0.001306311872337207
Q224,Education (3-level),0.7286721122361681,0.7118541418585587,0.7250173224044152,0.01681797037760946
Q224,Personal income (3-level),0.7286721122361681,0.7274822392589162,0.7361992619642412,0.0011898729772519268
Q224,Religiosity,0.7286721122361681,0.7268401832247604,0.7352016905775335,0.001831929011407718
Q224,Subjective social class,0.7286721122361681,0.7137014664893252,0.7204771425379098,0.014970645746842925
Q224,Employment status,0.7286721122361681,0.7270801286146247,0.7339342660314964,0.0015919836215434469
Q224,Marital status,0.7286721122361681,0.7246323858217734,0.7301462402133088,0.004039726414394762
Q225,Sex,1.1179040066170822,1.1036867106105404,1.1030378146400268,0.014217296006541869
Q225,Education (3-level),1.1179040066170822,1.1021144149950222,1.1044048649742892,0.015789591622060062
Q225,Personal income (3-level),1.1179040066170822,1.1126248136246393,1.1130538827487586,0.005279192992442949
Q225,Religiosity,1.1179040066170822,1.1165734646804801,1.1163618290157211,0.001330541936602092
Q225,Subjective social class,1.1179040066170822,1.1043653181410058,1.1035972503902485,0.013538688476076421
Q225,Employment status,1.1179040066170822,1.1181906999777529,1.1168177600035896,-0.00028669336067066453
Q225,Marital status,1.1179040066170822,1.1150369582037178,1.11337433216699,0.0028670484133643814
Q226,Sex,1.5066533308669994,1.5078710105634912,1.5085175606555532,-0.0012176796964917802
Q226,Education (3-level),1.5066533308669994,1.504256073977784,1.5045378792039579,0.0023972568892154378
Q226,Personal income (3-level),1.5066533308669994,1.507536551372358,1.5079592818139116,-0.0008832205053586062
Q226,Religiosity,1.5066533308669994,1.5015297133602528,1.5023095054135183,0.005123617506746614
Q226,Subjective social class,1.5066533308669994,1.5066923589771886,1.5074672270203269,-3.9028110189187615e-05
Q226,Employment status,1.5066533308669994,1.50579651963632,1.5072166747552775,0.0008568112306792663
Q226,Marital status,1.5066533308669994,1.5021934816935574,1.5016927257191741,0.004459849173441999
Q227,Sex,1.3152401665782338,1.3037881890211038,1.3074940083061635,0.01145197755713001
Q227,Education (3-level),1.3152401665782338,1.307375937798735,1.314227879571168,0.007864228779498772
Q227,Personal income (3-level),1.3152401665782338,1.3125628732414711,1.3163641618711526,0.0026772933367626983
Q227,Religiosity,1.3152401665782338,1.3173006064915733,1.321158440329143,-0.0020604399133394846
Q227,Subjective social class,1.3152401665782338,1.308693204396106,1.3122835627067388,0.006546962182127913
Q227,Employment status,1.3152401665782338,1.3130643139641676,1.3157268980269072,0.002175852614066276
Q227,Marital status,1.3152401665782338,1.3149097209915286,1.3181481068332246,0.0003304455867052525
Q228,Sex,1.3224233707933277,1.316806303062064,1.3175723084625464,0.005617067731263692
Q228,Education (3-level),1.3224233707933277,1.3199298445512542,1.3209787530624486,0.0024935262420735516
Q228,Personal income (3-level),1.3224233707933277,1.3238113525073187,1.3245767190546383,-0.0013879817139910156
Q228,Religiosity,1.3224233707933277,1.3209829115526854,1.3221921791226472,0.001440459240642289
Q228,Subjective social class,1.3224233707933277,1.3246738127376982,1.3255991166258247,-0.002250441944370518
Q228,Employment status,1.3224233707933277,1.32232668390431,1.3221244746508574,9.668688901776079e-05
Q228,Marital status,1.3224233707933277,1.3215926014674129,1.3223021650814915,0.0008307693259148596
Q229,Sex,1.0475948648643298,1.039153217648949,1.04709691509506,0.008441647215380765
Q229,Education (3-level),1.0475948648643298,1.0221565674801734,1.0392057779702584,0.025438297384156483
Q229,Personal income (3-level),1.0475948648643298,1.040902024349437,1.0522969787086653,0.006692840514892939
Q229,Religiosity,1.0475948648643298,1.0457403732079327,1.0551719766691188,0.0018544916563971725
Q229,Subjective social class,1.0475948648643298,1.0321120906682777,1.040404384021031,0.015482774196052151
Q229,Employment status,1.0475948648643298,1.0476800126684083,1.0542702579811727,-8.51478040784226e-05
Q229,Marital status,1.0475948648643298,1.0477475544652897,1.054612859730299,-0.0001526896009598211
Q230,Sex,1.4437143158397896,1.434002037145608,1.4396703365500678,0.009712278694181675
Q230,Education (3-level),1.4437143158397896,1.4285798497136348,1.4410113405503062,0.015134466126154766
Q230,Personal income (3-level),1.4437143158397896,1.4398441675245937,1.4488155819086048,0.0038701483151959426
Q230,Religiosity,1.4437143158397896,1.4343849321142803,1.4415534169213629,0.009329383725509288
Q230,Subjective social class,1.4437143158397896,1.4343621074367991,1.4403316015152496,0.009352208402990447
Q230,Employment status,1.4437143158397896,1.4405816125746198,1.443865908724452,0.0031327032651697895
Q230,Marital status,1.4437143158397896,1.4373933209802336,1.4421262317898762,0.006320994859555951
Q231,Sex,0.644470669900165,0.6410101187315522,0.6398206997913677,0.003460551168612769
Q231,Education (3-level),0.644470669900165,0.635445864051708,0.6351766843531429,0.009024805848456996
Q231,Personal income (3-level),0.644470669900165,0.6426486451456336,0.6415003030792731,0.001822024754531415
Q231,Religiosity,0.644470669900165,0.6446060882798333,0.6434213564740714,-0.00013541837966835057
Q231,Subjective social class,0.644470669900165,0.6426022093278878,0.6414661165527641,0.0018684605722771863
Q231,Employment status,0.644470669900165,0.6416332540609947,0.6405982903444964,0.0028374158391702986
Q231,Marital status,0.644470669900165,0.6374099940304809,0.6357175062943738,0.007060675869684063
Q232,Sex,1.0621621061323219,1.0593927283566724,1.062673027806505,0.002769377775649451
Q232,Education (3-level),1.0621621061323219,1.0609579326628462,1.0639415236025227,0.0012041734694756556
Q232,Personal income (3-level),1.0621621061323219,1.0621136953289967,1.0669497759817772,4.841080332518288e-05
Q232,Religiosity,1.0621621061323219,1.0625264922283477,1.0659949171725287,-0.00036438609602584826
Q232,Subjective social class,1.0621621061323219,1.0584118159009077,1.061310340521302,0.003750290231414155
Q232,Employment status,1.0621621061323219,1.063753951878383,1.064062604297521,-0.0015918457460610824
Q232,Marital status,1.0621621061323219,1.0639726499988598,1.0659131397446955,-0.0018105438665378948
Q233,Sex,0.8490239708537821,0.8402528105808849,0.8478826768701131,0.00877116027289726
Q233,Education (3-level),0.8490239708537821,0.8489976671567236,0.856100885138433,2.6303697058471798e-05
Q233,Personal income (3-level),0.8490239708537821,0.8507042577490921,0.8587604360772223,-0.0016802868953099681
Q233,Religiosity,0.8490239708537821,0.8483011968189655,0.8563430131667813,0.0007227740348165757
Q233,Subjective social class,0.8490239708537821,0.8492858871993182,0.8568190685845838,-0.0002619163455360729
Q233,Employment status,0.8490239708537821,0.8497112518765165,0.8576973659351802,-0.0006872810227344095
Q233,Marital status,0.8490239708537821,0.8494644253672294,0.8557072589060238,-0.00044045451344731923
Q234,Sex,0.4616908616642627,0.4623931886159592,0.46710029866304914,-0.0007023269516964747
Q234,Education (3-level),0.4616908616642627,0.4615939735861832,0.46693789216813525,9.68880780795045e-05
Q234,Personal income (3-level),0.4616908616642627,0.46327325126987917,0.46797712161824123,-0.0015823896056164632
Q234,Religiosity,0.4616908616642627,0.46295730226687964,0.46736568766633546,-0.0012664406026169361
Q234,Subjective social class,0.4616908616642627,0.46254481942950376,0.46738323511166824,-0.0008539577652410535
Q234,Employment status,0.4616908616642627,0.4623689936707536,0.4657847763245059,-0.0006781320064909169
Q234,Marital status,0.4616908616642627,0.46106278162230385,0.46529953598461093,0.0006280800419588561
Q234A,Sex,1.2756763654611434,1.2675314466452092,1.267130070601431,0.008144918815934155
Q234A,Education (3-level),1.2756763654611434,1.2710088845843064,1.2705427981917201,0.0046674808768369935
Q234A,Personal income (3-level),1.2756763654611434,1.277747701920468,1.2777195124525116,-0.0020713364593245576
Q234A,Religiosity,1.2756763654611434,1.2778741122247705,1.2774762912874427,-0.002197746763627162
Q234A,Subjective social class,1.2756763654611434,1.2698035364469866,1.2691160483301567,0.005872829014156755
Q234A,Employment status,1.2756763654611434,1.2757951405446124,1.2754929305367046,-0.00011877508346902488
Q234A,Marital status,1.2756763654611434,1.2778055223383686,1.2773237273840208,-0.002129156877225258
Q235,Sex,1.1737971452393166,1.1719782978967757,1.1732028410885416,0.0018188473425408969
Q235,Education (3-level),1.1737971452393166,1.1453332824184197,1.146923132107246,0.028463862820896857
Q235,Personal income (3-level),1.1737971452393166,1.1669701894959612,1.167407692351618,0.006826955743355345
Q235,Religiosity,1.1737971452393166,1.1726164549880846,1.1734973354971105,0.0011806902512319084
Q235,Subjective social class,1.1737971452393166,1.1672450086191521,1.168343626910617,0.006552136620164406
Q235,Employment status,1.1737971452393166,1.1707625296078006,1.1708848100338818,0.003034615631515969
Q235,Marital status,1.1737971452393166,1.1720555398932109,1.1726540261113605,0.001741605346105679
Q236,Sex,1.4488533275719833,1.4457114553017525,1.4562902212324873,0.003141872270230772
Q236,Education (3-level),1.4488533275719833,1.449520432189562,1.4599844736548007,-0.0006671046175787954
Q236,Personal income (3-level),1.4488533275719833,1.448241820661498,1.4572739718957939,0.0006115069104852822
Q236,Religiosity,1.4488533275719833,1.4472758999739839,1.457774068113459,0.0015774275979993924
Q236,Subjective social class,1.4488533275719833,1.4458603108981491,1.4564484355127763,0.0029930166738341146
Q236,Employment status,1.4488533275719833,1.4491916389609587,1.4567035061889757,-0.000338311388975443
Q236,Marital status,1.4488533275719833,1.4458229101513163,1.4552712921963158,0.0030304174206670087
Q237,Sex,0.6719974866063437,0.664258352892133,0.6653265591230246,0.007739133714210755
Q237,Education (3-level),0.6719974866063437,0.6615136599100012,0.6649595178150092,0.010483826696342513
Q237,Personal income (3-level),0.6719974866063437,0.6699262741293233,0.6716884100048188,0.0020712124770204676
Q237,Religiosity,0.6719974866063437,0.6717207478130673,0.6731501361805836,0.0002767387932763876
Q237,Subjective social class,0.6719974866063437,0.6704965132185068,0.6714829478278634,0.0015009733878369458
Q237,Employment status,0.6719974866063437,0.672559392613352,0.673912191358198,-0.0005619060070082282
Q237,Marital status,0.6719974866063437,0.6715985671844809,0.6713558168803494,0.00039891942186287555
Q238,Sex,1.0701591918469553,1.0641951977311672,1.070630066722146,0.005963994115788074
Q238,Education (3-level),1.0701591918469553,1.0497381433954753,1.0603812471232021,0.02042104845147996
Q238,Personal income (3-level),1.0701591918469553,1.0661997748509076,1.0738258867224428,0.003959416996047738
Q238,Religiosity,1.0701591918469553,1.0711132988566747,1.077841876382744,-0.0009541070097194293
Q238,Subjective social class,1.0701591918469553,1.0673608081927337,1.073540538268978,0.002798383654221581
Q238,Employment status,1.0701591918469553,1.0718617753114725,1.0799677975278636,-0.0017025834645172377
Q238,Marital status,1.0701591918469553,1.070218979771148,1.075257356434078,-5.9787924192811204e-05
Q239,Sex,0.5499110859676157,0.5483195664934698,0.5470753474678551,0.0015915194741459304
Q239,Education (3-level),0.5499110859676157,0.5473443488525579,0.5464004555068379,0.0025667371150578377
Q239,Personal income (3-level),0.5499110859676157,0.5475126992526637,0.5464646259954649,0.002398386714952072
Q239,Religiosity,0.5499110859676157,0.5152404284456538,0.5148328985276039,0.03467065752196197
Q239,Subjective social class,0.5499110859676157,0.5479262237021337,0.54665618281584,0.0019848622654820014
Q239,Employment status,0.5499110859676157,0.5512843393204891,0.5502991303701599,-0.0013732533528734159
Q239,Marital status,0.5499110859676157,0.547348722759493,0.5458048799171179,0.002562363208122753
Q240,Sex,2.2682859210779065,2.255764585183642,2.2603454771084857,0.012521335894264407
Q240,Education (3-level),2.2682859210779065,2.253110450435133,2.2586674512800937,0.015175470642773359
Q240,Personal income (3-level),2.2682859210779065,2.2670606639795636,2.272492747770517,0.001225257098342869
Q240,Religiosity,2.2682859210779065,2.2620556284037727,2.266514329086213,0.006230292674133775
Q240,Subjective social class,2.2682859210779065,2.2471111949225944,2.251881507186201,0.02117472615531213
Q240,Employment status,2.2682859210779065,2.264180413039337,2.2684356853806826,0.004105508038569461
Q240,Marital status,2.2682859210779065,2.2685059019810936,2.271989264894849,-0.00021998090318708918
Q241,Sex,2.2118750116830608,2.211305774158986,2.208059179941511,0.0005692375240746728
Q241,Education (3-level),2.2118750116830608,2.2078336878170033,2.2044164970288582,0.004041323866057489
Q241,Personal income (3-level),2.2118750116830608,2.211139536849776,2.207600507109354,0.0007354748332848438
Q241,Religiosity,2.2118750116830608,2.211511644511643,2.2084935372536387,0.0003633671714178277
Q241,Subjective social class,2.2118750116830608,2.205933022938362,2.202922373378539,0.005941988744698978
Q241,Employment status,2.2118750116830608,2.211501754645188,2.207685695884338,0.00037325703787294273
Q241,Marital status,2.2118750116830608,2.210559788938882,2.207401330669325,0.0013152227441786124
Q242,Sex,1.334237932748365,1.335892425466612,1.3348695639097063,-0.0016544927182469138
Q242,Education (3-level),1.334237932748365,1.3308854647038741,1.330273625755338,0.003352468044490964
Q242,Personal income (3-level),1.334237932748365,1.334410798321057,1.3342021460039102,-0.00017286557269180491
Q242,Religiosity,1.334237932748365,1.2924051920838457,1.2923506962784121,0.04183274066451936
Q242,Subjective social class,1.334237932748365,1.3347332330404424,1.3341522864982622,-0.0004953002920773386
Q242,Employment status,1.334237932748365,1.3349378005913437,1.3344948282869495,-0.0006998678429785965
Q242,Marital status,1.334237932748365,1.333507997625379,1.33206781550367,0.0007299351229861362
Q243,Sex,1.2125745502944345,1.2139473547356245,1.2128103014821645,-0.0013728044411900342
Q243,Education (3-level),1.2125745502944345,1.2003093805997076,1.1986718085357466,0.012265169694726907
Q243,Personal income (3-level),1.2125745502944345,1.2120828444726508,1.2109344335632122,0.0004917058217837056
Q243,Religiosity,1.2125745502944345,1.2123491113032925,1.2113839359676382,0.00022543899114202404
Q243,Subjective social class,1.2125745502944345,1.2124627034059243,1.2113296936427451,0.00011184688851018088
Q243,Employment status,1.2125745502944345,1.2122809370559515,1.2107232529579983,0.0002936132384829815
Q243,Marital status,1.2125745502944345,1.2138664002816608,1.2128543284207833,-0.0012918499872263123
Q244,Sex,2.1953982686882165,2.1952078625043705,2.19899413141182,0.0001904061838460258
Q244,Education (3-level),2.1953982686882165,2.1888407994304067,2.1932111515439687,0.006557469257809867
Q244,Personal income (3-level),2.1953982686882165,2.193803072798937,2.197257126772384,0.001595195889279477
Q244,Religiosity,2.1953982686882165,2.197411609509883,2.2014437403182034,-0.002013340821666265
Q244,Subjective social class,2.1953982686882165,2.1954303360887115,2.1992230910153707,-3.206740049499501e-05
Q244,Employment status,2.1953982686882165,2.194128174676675,2.196371035267563,0.0012700940115415449
Q244,Marital status,2.1953982686882165,2.1959223563935018,2.1996940773004034,-0.0005240877052852255
Q245,Sex,1.7944708277532109,1.7936101535788591,1.7947489876796339,0.000860674174351761
Q245,Education (3-level),1.7944708277532109,1.7867304799926018,1.7908271898664758,0.0077403477606090565
Q245,Personal income (3-level),1.7944708277532109,1.7945458460940913,1.7960611675211005,-7.501834088041726e-05
Q245,Religiosity,1.7944708277532109,1.7892571542773812,1.7912188541136558,0.005213673475829683
Q245,Subjective social class,1.7944708277532109,1.7890562172097932,1.7900886276781574,0.005414610543417631
Q245,Employment status,1.7944708277532109,1.794960725136494,1.796224719437029,-0.0004898973832831999
Q245,Marital status,1.7944708277532109,1.7952750650439093,1.796076182663633,-0.0008042372906984507
Q246,Sex,1.8680810757874007,1.869941034358958,1.8748937038215907,-0.0018599585715572964
Q246,Education (3-level),1.8680810757874007,1.8545188205426029,1.8583866726391391,0.013562255244797816
Q246,Personal income (3-level),1.8680810757874007,1.869400750794308,1.8736596390122635,-0.0013196750069073282
Q246,Religiosity,1.8680810757874007,1.8703130555977308,1.8750996811665197,-0.002231979810330076
Q246,Subjective social class,1.8680810757874007,1.8719853395296802,1.877094430149326,-0.003904263742279479
Q246,Employment status,1.8680810757874007,1.868239440980378,1.8713169768769593,-0.00015836519297729446
Q246,Marital status,1.8680810757874007,1.8694143654764726,1.874194157448435,-0.0013332896890718704
Q247,Sex,2.0374392978632647,2.0347315838485125,2.038126611322979,0.002707714014752227
Q247,Education (3-level),2.0374392978632647,2.0313119495934626,2.03498619565231,0.006127348269802102
Q247,Personal income (3-level),2.0374392978632647,2.034244249383297,2.038169645016895,0.003195048479967877
Q247,Religiosity,2.0374392978632647,2.03234208416128,2.036388674943586,0.005097213701984682
Q247,Subjective social class,2.0374392978632647,2.028947960535469,2.0324721342943484,0.008491337327795723
Q247,Employment status,2.0374392978632647,2.0306383487448185,2.0321355384508006,0.006800949118446198
Q247,Marital status,2.0374392978632647,2.031830498495312,2.0351004866872016,0.005608799367952777
Q248,Sex,2.1778119696309615,2.1727210007621904,2.171825054705114,0.005090968868771029
Q248,Education (3-level),2.1778119696309615,2.1718532786715414,2.1706890045481635,0.005958690959420032
Q248,Personal income (3-level),2.1778119696309615,2.1795019442151538,2.1791128084487226,-0.0016899745841922886
Q248,Religiosity,2.1778119696309615,2.1766320691374883,2.176016291398104,0.0011799004934731627
Q248,Subjective social class,2.1778119696309615,2.1783922397922133,2.1775172159327467,-0.0005802701612518391
Q248,Employment status,2.1778119696309615,2.1803295241565013,2.179705454726779,-0.0025175545255398113
Q248,Marital status,2.1778119696309615,2.175290890872513,2.174336351836956,0.002521078758448425
Q249,Sex,1.0279957107735922,1.027653544924264,1.0259647490129893,0.0003421658493281132
Q249,Education (3-level),1.0279957107735922,1.0242991584166958,1.0218899290371897,0.0036965523568963654
Q249,Personal income (3-level),1.0279957107735922,1.027974672527772,1.0260230717406043,2.1038245820115264e-05
Q249,Religiosity,1.0279957107735922,1.026129508525379,1.0242957852552075,0.0018662022482132112
Q249,Subjective social class,1.0279957107735922,1.030059259776229,1.0283368868092502,-0.002063549002636833
Q249,Employment status,1.0279957107735922,1.0294424452443762,1.0276668782337621,-0.001446734470784028
Q249,Marital status,1.0279957107735922,1.0297806741693034,1.0280059790935652,-0.0017849633957112143
Q250,Sex,1.139669920120193,1.1376180412506693,1.143611137892364,0.0020518788695236267
Q250,Education (3-level),1.139669920120193,1.1346995678802037,1.1433494236660722,0.004970352239989317
Q250,Personal income (3-level),1.139669920120193,1.1372437045970547,1.1438739805550662,0.0024262155231382643
Q250,Religiosity,1.139669920120193,1.136577070584802,1.1425749884141152,0.003092849535391018
Q250,Subjective social class,1.139669920120193,1.1384370048050658,1.144624475199727,0.0012329153151271477
Q250,Employment status,1.139669920120193,1.1412281294845719,1.147585983139925,-0.001558209364378893
Q250,Marital status,1.139669920120193,1.1396758810103753,1.1440910730393843,-5.960890182343803e-06
Q251,Sex,1.8893340273076433,1.8893383833336181,1.891338912132078,-4.356025974816546e-06
Q251,Education (3-level),1.8893340273076433,1.881690030718784,1.884544408106888,0.007643996588859281
Q251,Personal income (3-level),1.8893340273076433,1.8895466601377595,1.892347020722855,-0.0002126328301161884
Q251,Religiosity,1.8893340273076433,1.8898543240687278,1.8919813703435202,-0.0005202967610844489
Q251,Subjective social class,1.8893340273076433,1.882064226686373,1.8837700102719857,0.007269800621270361
Q251,Employment status,1.8893340273076433,1.8905703238113472,1.891758121882154,-0.0012362965037038265
Q251,Marital status,1.8893340273076433,1.8925969141308687,1.8937021474186093,-0.003262886823225397
Q252,Sex,2.098278635053395,2.092776814355962,2.0971118081933704,0.00550182069743288
Q252,Education (3-level),2.098278635053395,2.08787309449153,2.092696092385715,0.010405540561865045
Q252,Personal income (3-level),2.098278635053395,2.0966040526334266,2.1009675287459344,0.001674582419968207
Q252,Religiosity,2.098278635053395,2.10010480423536,2.104744838688829,-0.0018261691819652093
Q252,Subjective social class,2.098278635053395,2.093004538257463,2.0979580576382535,0.005274096795931715
Q252,Employment status,2.098278635053395,2.100558036117072,2.104970045760202,-0.002279401063677078
Q252,Marital status,2.098278635053395,2.0951363331641306,2.0992955197620224,0.003142301889264232
Q253,Sex,1.0792412428935365,1.0767416283290836,1.0745555332084915,0.002499614564452912
Q253,Education (3-level),1.0792412428935365,1.068894803659037,1.067799740388756,0.010346439234499405
Q253,Personal income (3-level),1.0792412428935365,1.0743901878503572,1.0728414110998101,0.0048510550431792865
Q253,Religiosity,1.0792412428935365,1.075980344339713,1.0741741561008944,0.00326089855382361
Q253,Subjective social class,1.0792412428935365,1.0748079357868678,1.0727685267183085,0.004433307106668671
Q253,Employment status,1.0792412428935365,1.078118002659235,1.0778193580385058,0.001123240234301548
Q253,Marital status,1.0792412428935365,1.0737899627754326,1.0718707109576053,0.005451280118103918
Q254,Sex,0.9108785629417817,0.9096931649464818,0.9135801067114613,0.0011853979952999305
Q254,Education (3-level),0.9108785629417817,0.9114161836943382,0.9131386582323329,-0.000537620752556478
Q254,Personal income (3-level),0.9108785629417817,0.9134107306431517,0.916859733994728,-0.0025321677013699917
Q254,Religiosity,0.9108785629417817,0.9082808810796438,0.9110668895655948,0.002597681862137935
Q254,Subjective social class,0.9108785629417817,0.9108499927220663,0.9144952046574121,2.8570219715362555e-05
Q254,Employment status,0.9108785629417817,0.9101434999100542,0.9160235589736019,0.0007350630317275453
Q254,Marital status,0.9108785629417817,0.909055687324727,0.9102432938509745,0.0018228756170547422
Q255,Sex,1.0533485567775789,1.0545179363066566,1.0520774380147533,-0.0011693795290776965
Q255,Education (3-level),1.0533485567775789,1.0533143546906532,1.0515947423691758,3.420208692572757e-05
Q255,Personal income (3-level),1.0533485567775789,1.0528463822221208,1.0507662374175915,0.0005021745554580903
Q255,Religiosity,1.0533485567775789,1.055304806963921,1.0527376265001822,-0.0019562501863421566
Q255,Subjective social class,1.0533485567775789,1.053510150294287,1.050821943158455,-0.00016159351670808064
Q255,Employment status,1.0533485567775789,1.0548887202192627,1.0530044283557658,-0.0015401634416838395
Q255,Marital status,1.0533485567775789,1.0557728718045656,1.0529970765783196,-0.002424315026986701
Q256,Sex,1.1356652356304404,1.1334950300506499,1.135060284345206,0.0021702055797905295
Q256,Education (3-level),1.1356652356304404,1.138259990416589,1.1398277709966922,-0.0025947547861486786
Q256,Personal income (3-level),1.1356652356304404,1.1357320497576766,1.1377825534683619,-6.681412723619218e-05
Q256,Religiosity,1.1356652356304404,1.1311021056611423,1.1321443042973158,0.004563129969298085
Q256,Subjective social class,1.1356652356304404,1.1375687273820723,1.1389531927924186,-0.0019034917516318473
Q256,Employment status,1.1356652356304404,1.1355638093014857,1.1364124600704988,0.00010142632895471237
Q256,Marital status,1.1356652356304404,1.1321698896030514,1.1332169117549344,0.0034953460273889903
Q257,Sex,0.9795105171335926,0.9802662510158886,0.9875353327819871,-0.0007557338822959947
Q257,Education (3-level),0.9795105171335926,0.9781872210948226,0.9852980227483983,0.0013232960387700166
Q257,Personal income (3-level),0.9795105171335926,0.97746161163133,0.9859336985780509,0.0020489055022625546
Q257,Religiosity,0.9795105171335926,0.9806892950149884,0.9873310871286478,-0.001178777881395754
Q257,Subjective social class,0.9795105171335926,0.9766159940238405,0.9837371257332193,0.002894523109752134
Q257,Employment status,0.9795105171335926,0.975567774284999,0.9878765505774268,0.003942742848593639
Q257,Marital status,0.9795105171335926,0.9809300095461501,0.9870237024549512,-0.0014194924125574548
Q258,Sex,1.2047183370586585,1.2064270932466261,1.2088385256153233,-0.0017087561879676194
Q258,Education (3-level),1.2047183370586585,1.200998175971034,1.2028007670323453,0.0037201610876245184
Q258,Personal income (3-level),1.2047183370586585,1.2055971891737278,1.207767341374683,-0.0008788521150693285
Q258,Religiosity,1.2047183370586585,1.2043386700315974,1.2066246225039947,0.00037966702706104805
Q258,Subjective social class,1.2047183370586585,1.2069363143374132,1.2090330301266274,-0.0022179772787547236
Q258,Employment status,1.2047183370586585,1.205558354061412,1.2067883245411761,-0.0008400170027536014
Q258,Marital status,1.2047183370586585,1.2061134571997465,1.2081445697650082,-0.001395120141088002
Q259,Sex,1.1964984829100125,1.1984072237042294,1.2003085292087303,-0.0019087407942168788
Q259,Education (3-level),1.1964984829100125,1.1936292535688826,1.1957634295483193,0.0028692293411298753
Q259,Personal income (3-level),1.1964984829100125,1.2002414548086493,1.2018922194435695,-0.0037429718986368155
Q259,Religiosity,1.1964984829100125,1.1967073108755015,1.1986217353210111,-0.0002088279654890446
Q259,Subjective social class,1.1964984829100125,1.1966290755294382,1.1985684180075262,-0.00013059261942571787
Q259,Employment status,1.1964984829100125,1.1944714007533166,1.1957741185875566,0.002027082156695892
Q259,Marital status,1.1964984829100125,1.1969890699412644,1.1997843488263844,-0.0004905870312519323
